"inventory_schema_version","package_id","experiment_id","direction","run_id","artifact_role","lifecycle_stage","authority_tier","candidate_id","selected","locked","location_scope","repository_relative_path","external_absolute_path","filename","exists","size_bytes","modified_time_local","sha256_actual","sha256_recorded","sha256_record_source","sha256_match","git_status","metric_scale","schema_summary","provenance_status","governance_note","historical_separation","documentation_consumers"
"1.0","DOC-A2A-Experiment-A2-20260918T051937Z_seed1234","A2","Plant1_to_Plant2","20260918T051937Z_seed1234","protocol_manifest","contract","PRIMARY","","","true","REPOSITORY","reports/Solar Energy Result/Linear_Formal/Experiment_A2/20260918T051937Z_seed1234/protocol_manifest.json","","protocol_manifest.json","true","528045","2026-09-19 15:44:20 +08:00","a0363075b7d00fc925635fcc639e88a9a7cbfa763871ab28a57bab844cda8496","a0363075b7d00fc925635fcc639e88a9a7cbfa763871ab28a57bab844cda8496","DOC-A0 inventory audit and DOC-A2A preflight","true","UNTRACKED","N/A","contract;candidate registry;splits;scaler and Git provenance","VERIFIED_WITH_NOTE","Manifest retains pre-Test lifecycle stage; use later final-state evidence for completion","FORMAL_A2","Master;Result Audit;Closure Index"
"1.0","DOC-A2A-Experiment-A2-20260918T051937Z_seed1234","A2","Plant1_to_Plant2","20260918T051937Z_seed1234","source_dependency_selection","selection","PRIMARY","SRC_lr1e-4","true","true","REPOSITORY","reports/Solar Energy Result/Linear_Formal/Experiment_A2/20260918T051937Z_seed1234/source_dependency_selection.json","","source_dependency_selection.json","true","1678","2026-09-18 13:21:40 +08:00","1db2e52281be87b71630d819940ff13d6dde43d7b842ff9baa3621ad4c036b9a","1db2e52281be87b71630d819940ff13d6dde43d7b842ff9baa3621ad4c036b9a","DOC-A0 inventory audit and DOC-A2A preflight","true","UNTRACKED","validation","validation-only source selection and checkpoint SHA","VERIFIED","","FORMAL_A2","Master;Result Audit;Closure Index"
"1.0","DOC-A2A-Experiment-A2-20260918T051937Z_seed1234","A2","Plant1_to_Plant2","20260918T051937Z_seed1234","global_selection","selection","PRIMARY","SRC_lr1e-4|WOTL_lr1e-4|PFT_lr3e-5","true","true","REPOSITORY","reports/Solar Energy Result/Linear_Formal/Experiment_A2/20260918T051937Z_seed1234/selection/selection.json","","selection.json","true","9442","2026-09-19 15:44:20 +08:00","77bd471ca34883a2b6aa042bae5e977e32dedafa3d6234706c6a67c617b56012","77bd471ca34883a2b6aa042bae5e977e32dedafa3d6234706c6a67c617b56012","DOC-A0 inventory audit and DOC-A2A preflight","true","UNTRACKED","validation","locked candidates;validation comparisons;Test isolation","VERIFIED","","FORMAL_A2","Master;Result Audit;Closure Index"
"1.0","DOC-A2A-Experiment-A2-20260918T051937Z_seed1234","A2","Plant1_to_Plant2","20260918T051937Z_seed1234","test_authorization","authorization","PRIMARY","WOTL_lr1e-4|PFT_lr3e-5","true","true","REPOSITORY","reports/Solar Energy Result/Linear_Formal/Experiment_A2/20260918T051937Z_seed1234/final/authorization.json","","authorization.json","true","2516","2026-09-20 10:52:48 +08:00","cabafe1b336d28bd8e97862098be819eb0a8d651894b4800425d50a998031457","cabafe1b336d28bd8e97862098be819eb0a8d651894b4800425d50a998031457","DOC-A0 inventory audit and DOC-A2A preflight","true","UNTRACKED","N/A","TEST_AUTHORIZED;locked comparison pair","VERIFIED","","FORMAL_A2","Master;Result Audit;Closure Index"
"1.0","DOC-A2A-Experiment-A2-20260918T051937Z_seed1234","A2","Plant1_to_Plant2","20260918T051937Z_seed1234","test_access_log","final_test","PRIMARY","WOTL_lr1e-4|PFT_lr3e-5","true","true","REPOSITORY","reports/Solar Energy Result/Linear_Formal/Experiment_A2/20260918T051937Z_seed1234/final/access_log.json","","access_log.json","true","2849","2026-09-20 10:52:49 +08:00","10b8c349140192131e6ba2134230bb64d2a5418c56521d10b62a6f9614a9455e","10b8c349140192131e6ba2134230bb64d2a5418c56521d10b62a6f9614a9455e","DOC-A0 inventory audit and DOC-A2A preflight","true","UNTRACKED","N/A","one authorized Test access;completed;post-Test tuning false","VERIFIED","Opened-data paths are provenance only; DOC-A2A did not access raw Test rows","FORMAL_A2","Master;Result Audit;Closure Index"
"1.0","DOC-A2A-Experiment-A2-20260918T051937Z_seed1234","A2","Plant1_to_Plant2","20260918T051937Z_seed1234","final_state","closure","PRIMARY","WOTL_lr1e-4|PFT_lr3e-5","true","true","REPOSITORY","reports/Solar Energy Result/Linear_Formal/Experiment_A2/20260918T051937Z_seed1234/final/final_state.json","","final_state.json","true","2655","2026-09-20 10:52:49 +08:00","9e11f60197afdfb228f49537603a439ad16e9229de2f74aaad155b09c68d2714","9e11f60197afdfb228f49537603a439ad16e9229de2f74aaad155b09c68d2714","DOC-A0 inventory audit and DOC-A2A preflight","true","UNTRACKED","N/A","TEST_COMPLETED;access count 1;selection locked","VERIFIED","Final lifecycle authority","FORMAL_A2","Master;Result Audit;Closure Index"
"1.0","DOC-A2A-Experiment-A2-20260918T051937Z_seed1234","A2","Plant1_to_Plant2","20260918T051937Z_seed1234","formal_comparison","closure","PRIMARY","WOTL_lr1e-4|PFT_lr3e-5","true","true","REPOSITORY","reports/Solar Energy Result/Linear_Formal/Experiment_A2/20260918T051937Z_seed1234/final/comparison.json","","comparison.json","true","1200","2026-09-20 10:52:49 +08:00","bba6e3eb00e20a269225fb890af76b52deef11539a73fb836c8485db4b602b0d","bba6e3eb00e20a269225fb890af76b52deef11539a73fb836c8485db4b602b0d","DOC-A0 inventory audit and DOC-A2A preflight","true","UNTRACKED","original","Positive Transfer;both formal metrics embedded","VERIFIED","","FORMAL_A2","Master;Result Audit;Closure Index"
"1.0","DOC-A2A-Experiment-A2-20260918T051937Z_seed1234","A2","Plant1_to_Plant2","20260918T051937Z_seed1234","metrics_original_scale","final_test","PRIMARY","WOTL_lr1e-4","true","true","REPOSITORY","reports/Solar Energy Result/Linear_Formal/Experiment_A2/20260918T051937Z_seed1234/final/wotl_metrics_original_scale.json","","wotl_metrics_original_scale.json","true","250","2026-09-20 10:52:49 +08:00","0d8a125934d622de8e8a253384c254e44089008a701c708db968d41626640bfd","0d8a125934d622de8e8a253384c254e44089008a701c708db968d41626640bfd","DOC-A0 inventory audit and DOC-A2A preflight","true","UNTRACKED","original","mae;mse;rmse;r2;prediction_count;negative_prediction_count;unit","VERIFIED","Metrics copied directly; not recomputed","FORMAL_A2","Master;Result Audit"
"1.0","DOC-A2A-Experiment-A2-20260918T051937Z_seed1234","A2","Plant1_to_Plant2","20260918T051937Z_seed1234","metrics_original_scale","final_test","PRIMARY","PFT_lr3e-5","true","true","REPOSITORY","reports/Solar Energy Result/Linear_Formal/Experiment_A2/20260918T051937Z_seed1234/final/partial_ft_metrics_original_scale.json","","partial_ft_metrics_original_scale.json","true","250","2026-09-20 10:52:49 +08:00","cc292394519b7aa114ffd94f8a1c97c8989f210b107d7b788ff93eeeb8df17c2","cc292394519b7aa114ffd94f8a1c97c8989f210b107d7b788ff93eeeb8df17c2","DOC-A0 inventory audit and DOC-A2A preflight","true","UNTRACKED","original","mae;mse;rmse;r2;prediction_count;negative_prediction_count;unit","VERIFIED","Metrics copied directly; not recomputed","FORMAL_A2","Master;Result Audit"
"1.0","DOC-A2A-Experiment-A2-20260918T051937Z_seed1234","A2","Plant1_to_Plant2","20260918T051937Z_seed1234","predictions","final_test","PRIMARY","WOTL_lr1e-4|PFT_lr3e-5","true","true","REPOSITORY","reports/Solar Energy Result/Linear_Formal/Experiment_A2/20260918T051937Z_seed1234/final/predictions.csv","","predictions.csv","true","442311","2026-09-20 10:52:49 +08:00","12fce7ec5852b428439a09c4fc3b2e3254a6345ef7948c17077b5e38bf08dcaa","12fce7ec5852b428439a09c4fc3b2e3254a6345ef7948c17077b5e38bf08dcaa","DOC-A0 inventory audit and DOC-A2A preflight","true","UNTRACKED","original_and_normalized","timestamp;y_true_original;WOTL/PFT predictions and residuals;normalized columns","VERIFIED","Schema/metadata only in DOC-A2A; no row-level Test recomputation","FORMAL_A2","Result Audit;Figure Audit;Closure Index"
"1.0","DOC-A2A-Experiment-A2-20260918T051937Z_seed1234","A2","Plant1_to_Plant2","20260918T051937Z_seed1234","candidate_manifest","selection","SUPPORTING","SRC_lr1e-4","true","true","REPOSITORY","reports/Solar Energy Result/Linear_Formal/Experiment_A2/20260918T051937Z_seed1234/source_candidates/SRC_lr1e-4/candidate_manifest.json","","candidate_manifest.json","true","597","2026-09-18 13:20:39 +08:00","9c510cc04b46dafa94ccf12921f34de20a1b12d6ddf0b35648f7df95ca545eba","9c510cc04b46dafa94ccf12921f34de20a1b12d6ddf0b35648f7df95ca545eba","DOC-A0 inventory audit and DOC-A2A preflight","true","UNTRACKED","validation","candidate identity;best epoch;checkpoint SHA;validation-only flags","VERIFIED","","FORMAL_A2","Master;Result Audit"
"1.0","DOC-A2A-Experiment-A2-20260918T051937Z_seed1234","A2","Plant1_to_Plant2","20260918T051937Z_seed1234","best_checkpoint_record","selection","PRIMARY","SRC_lr1e-4","true","true","REPOSITORY","reports/Solar Energy Result/Linear_Formal/Experiment_A2/20260918T051937Z_seed1234/source_candidates/SRC_lr1e-4/best_checkpoint.json","","best_checkpoint.json","true","556","2026-09-18 13:20:39 +08:00","2a9f0d5f2c61e3dbcb8e78ff53db3919fe6691562d5b1db9505ebf6839cc9bf0","2a9f0d5f2c61e3dbcb8e78ff53db3919fe6691562d5b1db9505ebf6839cc9bf0","DOC-A0 inventory audit and DOC-A2A preflight","true","UNTRACKED","validation","best epoch;val loss;checkpoint path and SHA","VERIFIED","","FORMAL_A2","Result Audit;Inventory"
"1.0","DOC-A2A-Experiment-A2-20260918T051937Z_seed1234","A2","Plant1_to_Plant2","20260918T051937Z_seed1234","selected_checkpoint","selection","PRIMARY","SRC_lr1e-4","true","true","REPOSITORY","reports/Solar Energy Result/Linear_Formal/Experiment_A2/20260918T051937Z_seed1234/source_candidates/SRC_lr1e-4/checkpoint_epoch_0500.hdf5","","checkpoint_epoch_0500.hdf5","true","630096","2026-09-18 13:20:38 +08:00","6bbd2adebdc1652cf47665a97f7339466b13894df71270e93c397dc8ab1538c9","6bbd2adebdc1652cf47665a97f7339466b13894df71270e93c397dc8ab1538c9","source_candidates/SRC_lr1e-4/best_checkpoint.json and selection records","true","UNTRACKED","N/A","HDF5 checkpoint","VERIFIED","Selected locked Source checkpoint","FORMAL_A2","Master;Result Audit;Closure Index"
"1.0","DOC-A2A-Experiment-A2-20260918T051937Z_seed1234","A2","Plant1_to_Plant2","20260918T051937Z_seed1234","candidate_manifest","selection","SUPPORTING","WOTL_lr1e-4","true","true","REPOSITORY","reports/Solar Energy Result/Linear_Formal/Experiment_A2/20260918T051937Z_seed1234/target_wotl_candidates/WOTL_lr1e-4/candidate_manifest.json","","candidate_manifest.json","true","596","2026-09-18 13:22:09 +08:00","36224fe30706e5c3e5246eb079d337d170a45b7ed5cc125c72be6be4f8830bbe","36224fe30706e5c3e5246eb079d337d170a45b7ed5cc125c72be6be4f8830bbe","DOC-A0 inventory audit and DOC-A2A preflight","true","UNTRACKED","validation","candidate identity;best epoch;checkpoint SHA;validation-only flags","VERIFIED","","FORMAL_A2","Master;Result Audit"
"1.0","DOC-A2A-Experiment-A2-20260918T051937Z_seed1234","A2","Plant1_to_Plant2","20260918T051937Z_seed1234","best_checkpoint_record","selection","PRIMARY","WOTL_lr1e-4","true","true","REPOSITORY","reports/Solar Energy Result/Linear_Formal/Experiment_A2/20260918T051937Z_seed1234/target_wotl_candidates/WOTL_lr1e-4/best_checkpoint.json","","best_checkpoint.json","true","560","2026-09-18 13:22:09 +08:00","afdf1f5332b70dd20ea247c5e47b6f797999e1b3f73a566f45a0f3371394228e","afdf1f5332b70dd20ea247c5e47b6f797999e1b3f73a566f45a0f3371394228e","DOC-A0 inventory audit and DOC-A2A preflight","true","UNTRACKED","validation","best epoch;val loss;checkpoint path and SHA","VERIFIED","","FORMAL_A2","Result Audit;Inventory"
"1.0","DOC-A2A-Experiment-A2-20260918T051937Z_seed1234","A2","Plant1_to_Plant2","20260918T051937Z_seed1234","selected_checkpoint","selection","PRIMARY","WOTL_lr1e-4","true","true","REPOSITORY","reports/Solar Energy Result/Linear_Formal/Experiment_A2/20260918T051937Z_seed1234/target_wotl_candidates/WOTL_lr1e-4/checkpoint_epoch_0500.hdf5","","checkpoint_epoch_0500.hdf5","true","630096","2026-09-18 13:22:09 +08:00","230ccb26aebb088ccb855ccdeaddc4f88f5a58f406a91632ce07b7ffda8a09d8","230ccb26aebb088ccb855ccdeaddc4f88f5a58f406a91632ce07b7ffda8a09d8","target_wotl_candidates/WOTL_lr1e-4/best_checkpoint.json and selection records","true","UNTRACKED","N/A","HDF5 checkpoint","VERIFIED","Selected locked WOTL checkpoint","FORMAL_A2","Master;Result Audit;Closure Index"
"1.0","DOC-A2A-Experiment-A2-20260918T051937Z_seed1234","A2","Plant1_to_Plant2","20260918T051937Z_seed1234","candidate_manifest","selection","SUPPORTING","PFT_lr3e-5","true","true","REPOSITORY","reports/Solar Energy Result/Linear_Formal/Experiment_A2/20260918T051937Z_seed1234/target_partial_ft_candidates/PFT_lr3e-5/candidate_manifest.json","","candidate_manifest.json","true","830","2026-09-18 13:23:40 +08:00","fe82f93db53e364ccefbae8739188f669958cbd393a07739e7ff315b64b01b2f","fe82f93db53e364ccefbae8739188f669958cbd393a07739e7ff315b64b01b2f","DOC-A0 inventory audit and DOC-A2A preflight","true","UNTRACKED","validation","candidate identity;best epoch;checkpoint SHA;Partial FT state audit","VERIFIED","","FORMAL_A2","Master;Result Audit"
"1.0","DOC-A2A-Experiment-A2-20260918T051937Z_seed1234","A2","Plant1_to_Plant2","20260918T051937Z_seed1234","best_checkpoint_record","selection","PRIMARY","PFT_lr3e-5","true","true","REPOSITORY","reports/Solar Energy Result/Linear_Formal/Experiment_A2/20260918T051937Z_seed1234/target_partial_ft_candidates/PFT_lr3e-5/best_checkpoint.json","","best_checkpoint.json","true","566","2026-09-18 13:23:40 +08:00","00cfc1e3f89bec323236e19789b3d35f317cbefd8fbc3b81a444d70fdac00006","00cfc1e3f89bec323236e19789b3d35f317cbefd8fbc3b81a444d70fdac00006","DOC-A0 inventory audit and DOC-A2A preflight","true","UNTRACKED","validation","best epoch;val loss;checkpoint path and SHA","VERIFIED","","FORMAL_A2","Result Audit;Inventory"
"1.0","DOC-A2A-Experiment-A2-20260918T051937Z_seed1234","A2","Plant1_to_Plant2","20260918T051937Z_seed1234","selected_checkpoint","selection","PRIMARY","PFT_lr3e-5","true","true","REPOSITORY","reports/Solar Energy Result/Linear_Formal/Experiment_A2/20260918T051937Z_seed1234/target_partial_ft_candidates/PFT_lr3e-5/checkpoint_epoch_0500.hdf5","","checkpoint_epoch_0500.hdf5","true","472008","2026-09-18 13:23:40 +08:00","c95ce2c964cf75a65f24669a03c74bb43e1c212cd49040ffd516d0b3082e1a5b","c95ce2c964cf75a65f24669a03c74bb43e1c212cd49040ffd516d0b3082e1a5b","target_partial_ft_candidates/PFT_lr3e-5/best_checkpoint.json and selection records","true","UNTRACKED","N/A","HDF5 checkpoint","VERIFIED","Selected locked Partial FT checkpoint","FORMAL_A2","Master;Result Audit;Closure Index"
"1.0","DOC-A2A-Experiment-A2-20260918T051937Z_seed1234","A2","Plant1_to_Plant2","20260918T051937Z_seed1234","feature_scaler","data_contract","PRIMARY","Plant1_source","true","true","EXTERNAL_CORRECTED_R1","","D:\HoChePing\北科大_碩班_AI學程\期刊研究\使用LSTM模型預測福壽雞隻重量\Code程式碼\PersonalNote\DataSet_For_TransferLearning\★★ Solar Power Generation Data ★★\preprocessed_profiles_corrected_r1\plant1\source_profile\feature_scaler.joblib","feature_scaler.joblib","true","1167","2026-08-04 16:29:21 +08:00","6a66df27dc1358cd4890e632f09fec848edb3c571cfee36f2e141986d4159912","6a66df27dc1358cd4890e632f09fec848edb3c571cfee36f2e141986d4159912","protocol_manifest.json feature_scaler_sha256.source","true","EXTERNAL","N/A","joblib scaler;fit split training;fit rows 2088","VERIFIED_WITH_NOTE","External dependency; no run-local snapshot","FORMAL_A2","Master;Result Audit;Inventory"
"1.0","DOC-A2A-Experiment-A2-20260918T051937Z_seed1234","A2","Plant1_to_Plant2","20260918T051937Z_seed1234","target_scaler","data_contract","PRIMARY","Plant1_source","true","true","EXTERNAL_CORRECTED_R1","","D:\HoChePing\北科大_碩班_AI學程\期刊研究\使用LSTM模型預測福壽雞隻重量\Code程式碼\PersonalNote\DataSet_For_TransferLearning\★★ Solar Power Generation Data ★★\preprocessed_profiles_corrected_r1\plant1\source_profile\target_scaler.joblib","target_scaler.joblib","true","1039","2026-08-04 16:29:21 +08:00","a9c0539b97e0faff07eb04e032b65f79dd45be5d0a6927c3b48fc67e4819f77e","a9c0539b97e0faff07eb04e032b65f79dd45be5d0a6927c3b48fc67e4819f77e","protocol_manifest.json target_scaler_sha256.source","true","EXTERNAL","N/A","joblib scaler;fit split training;fit rows 2088","VERIFIED_WITH_NOTE","External dependency; no run-local snapshot","FORMAL_A2","Master;Result Audit;Inventory"
"1.0","DOC-A2A-Experiment-A2-20260918T051937Z_seed1234","A2","Plant1_to_Plant2","20260918T051937Z_seed1234","feature_scaler","data_contract","PRIMARY","Plant2_target","true","true","EXTERNAL_CORRECTED_R1","","D:\HoChePing\北科大_碩班_AI學程\期刊研究\使用LSTM模型預測福壽雞隻重量\Code程式碼\PersonalNote\DataSet_For_TransferLearning\★★ Solar Power Generation Data ★★\preprocessed_profiles_corrected_r1\plant2\target_profile\feature_scaler.joblib","feature_scaler.joblib","true","1167","2026-08-04 16:39:54 +08:00","d91ce120e26e45b540017859bf419ec35010927492cb7be2b02f275e87077d4d","d91ce120e26e45b540017859bf419ec35010927492cb7be2b02f275e87077d4d","protocol_manifest.json feature_scaler_sha256.target","true","EXTERNAL","N/A","joblib scaler;fit split training;fit rows 521","VERIFIED_WITH_NOTE","External dependency; no run-local snapshot","FORMAL_A2","Master;Result Audit;Inventory"
"1.0","DOC-A2A-Experiment-A2-20260918T051937Z_seed1234","A2","Plant1_to_Plant2","20260918T051937Z_seed1234","target_scaler","data_contract","PRIMARY","Plant2_target","true","true","EXTERNAL_CORRECTED_R1","","D:\HoChePing\北科大_碩班_AI學程\期刊研究\使用LSTM模型預測福壽雞隻重量\Code程式碼\PersonalNote\DataSet_For_TransferLearning\★★ Solar Power Generation Data ★★\preprocessed_profiles_corrected_r1\plant2\target_profile\target_scaler.joblib","target_scaler.joblib","true","1039","2026-08-04 16:39:54 +08:00","6db35ad6a42939b687a7b0593920fb5a539f87c54de590f64daa335533c3680c","6db35ad6a42939b687a7b0593920fb5a539f87c54de590f64daa335533c3680c","protocol_manifest.json target_scaler_sha256.target","true","EXTERNAL","N/A","joblib scaler;fit split training;fit rows 521","VERIFIED_WITH_NOTE","External dependency; no run-local snapshot","FORMAL_A2","Master;Result Audit;Inventory"
"1.0","DOC-A2A-Experiment-A2-20260918T051937Z_seed1234","A2","Plant1_to_Plant2","20260918T051937Z_seed1234","figure_manifest","figure_pack","PRIMARY","WOTL_lr1e-4|PFT_lr3e-5","true","true","REPOSITORY","reports/Solar Energy Result/Thesis_Figures/Experiment_A_Plant1_to_Plant2/figure_manifest.json","","figure_manifest.json","true","17325","2026-10-02 00:20:19 +08:00","32b0566695cc3269a6f48d455a4358c937d986da8900a02c8ca29c4f5afb5cee","32b0566695cc3269a6f48d455a4358c937d986da8900a02c8ca29c4f5afb5cee","DOC-A0 inventory audit and DOC-A2A preflight","true","UNTRACKED","mixed","identity;input files;figure semantics;10 output hashes","VERIFIED_WITH_NOTE","Figure Pack untracked","FORMAL_A2","Master;Figure Audit;Closure Index"
"1.0","DOC-A2A-Experiment-A2-20260918T051937Z_seed1234","A2","Plant1_to_Plant2","20260918T051937Z_seed1234","figure_learning_curve","figure_pack","SUPPORTING","WOTL_lr1e-4","true","true","REPOSITORY","reports/Solar Energy Result/Thesis_Figures/Experiment_A_Plant1_to_Plant2/learning_curve/wotl_learning_curve.png","","wotl_learning_curve.png","true","171148","2026-10-02 00:20:17 +08:00","06d7a8d63aa636dc42c1a724ce01e7acc93f45be6d1516d5c38e6ed0c92b79bb","06d7a8d63aa636dc42c1a724ce01e7acc93f45be6d1516d5c38e6ed0c92b79bb","figure_manifest.json","true","UNTRACKED","training_scale","PNG;Compiled Loss (training scale)","VERIFIED_WITH_NOTE","Figure Pack untracked","FORMAL_A2","Master;Figure Audit;Inventory"
"1.0","DOC-A2A-Experiment-A2-20260918T051937Z_seed1234","A2","Plant1_to_Plant2","20260918T051937Z_seed1234","figure_learning_curve","figure_pack","SUPPORTING","PFT_lr3e-5","true","true","REPOSITORY","reports/Solar Energy Result/Thesis_Figures/Experiment_A_Plant1_to_Plant2/learning_curve/pft_learning_curve.png","","pft_learning_curve.png","true","146282","2026-10-02 00:20:17 +08:00","0d197ad5b74600cd01c48b2c7ef3efd352f966bf1f818e4b8dd641dfabb4e9b5","0d197ad5b74600cd01c48b2c7ef3efd352f966bf1f818e4b8dd641dfabb4e9b5","figure_manifest.json","true","UNTRACKED","training_scale","PNG;Compiled Loss (training scale)","VERIFIED_WITH_NOTE","Figure Pack untracked","FORMAL_A2","Master;Figure Audit;Inventory"
"1.0","DOC-A2A-Experiment-A2-20260918T051937Z_seed1234","A2","Plant1_to_Plant2","20260918T051937Z_seed1234","figure_prediction","figure_pack","SUPPORTING","WOTL_lr1e-4","true","true","REPOSITORY","reports/Solar Energy Result/Thesis_Figures/Experiment_A_Plant1_to_Plant2/prediction/wotl_prediction_plot_original_scale.png","","wotl_prediction_plot_original_scale.png","true","623686","2026-10-02 00:20:17 +08:00","777bf12a24d0fc3c428a30f72fd4f7839b1c393e792c02e74462c65f605b471c","777bf12a24d0fc3c428a30f72fd4f7839b1c393e792c02e74462c65f605b471c","figure_manifest.json","true","UNTRACKED","original","PNG;actual vs predicted;DC_POWER kW","VERIFIED_WITH_NOTE","Figure Pack untracked","FORMAL_A2","Master;Figure Audit;Inventory"
"1.0","DOC-A2A-Experiment-A2-20260918T051937Z_seed1234","A2","Plant1_to_Plant2","20260918T051937Z_seed1234","figure_prediction","figure_pack","SUPPORTING","PFT_lr3e-5","true","true","REPOSITORY","reports/Solar Energy Result/Thesis_Figures/Experiment_A_Plant1_to_Plant2/prediction/pft_prediction_plot_original_scale.png","","pft_prediction_plot_original_scale.png","true","622785","2026-10-02 00:20:17 +08:00","eee95cd2f95270156fd2669670e964f05f043259c7f271fbf3d8ee8b3fb5c460","eee95cd2f95270156fd2669670e964f05f043259c7f271fbf3d8ee8b3fb5c460","figure_manifest.json","true","UNTRACKED","original","PNG;actual vs predicted;DC_POWER kW","VERIFIED_WITH_NOTE","Figure Pack untracked","FORMAL_A2","Master;Figure Audit;Inventory"
"1.0","DOC-A2A-Experiment-A2-20260918T051937Z_seed1234","A2","Plant1_to_Plant2","20260918T051937Z_seed1234","figure_yy_plot","figure_pack","SUPPORTING","WOTL_lr1e-4","true","true","REPOSITORY","reports/Solar Energy Result/Thesis_Figures/Experiment_A_Plant1_to_Plant2/yy_plot/wotl_yy_plot_original_scale.png","","wotl_yy_plot_original_scale.png","true","437963","2026-10-02 00:20:18 +08:00","eac8420b426dc447cfc7d7531141cc02f906b4737753c40d07fae1fa86e121e1","eac8420b426dc447cfc7d7531141cc02f906b4737753c40d07fae1fa86e121e1","figure_manifest.json","true","UNTRACKED","original","PNG;observed vs predicted;DC_POWER kW","VERIFIED_WITH_NOTE","Figure Pack untracked","FORMAL_A2","Master;Figure Audit;Inventory"
"1.0","DOC-A2A-Experiment-A2-20260918T051937Z_seed1234","A2","Plant1_to_Plant2","20260918T051937Z_seed1234","figure_yy_plot","figure_pack","SUPPORTING","PFT_lr3e-5","true","true","REPOSITORY","reports/Solar Energy Result/Thesis_Figures/Experiment_A_Plant1_to_Plant2/yy_plot/pft_yy_plot_original_scale.png","","pft_yy_plot_original_scale.png","true","453091","2026-10-02 00:20:18 +08:00","9a835b0c45a05fcb24c47953fb70a0760f4ecce9f3326390e8ca3faea32785a1","9a835b0c45a05fcb24c47953fb70a0760f4ecce9f3326390e8ca3faea32785a1","figure_manifest.json","true","UNTRACKED","original","PNG;observed vs predicted;DC_POWER kW","VERIFIED_WITH_NOTE","Figure Pack untracked","FORMAL_A2","Master;Figure Audit;Inventory"
"1.0","DOC-A2A-Experiment-A2-20260918T051937Z_seed1234","A2","Plant1_to_Plant2","20260918T051937Z_seed1234","figure_residual","figure_pack","SUPPORTING","WOTL_lr1e-4","true","true","REPOSITORY","reports/Solar Energy Result/Thesis_Figures/Experiment_A_Plant1_to_Plant2/residual/wotl_residual_plot_original_scale.png","","wotl_residual_plot_original_scale.png","true","438598","2026-10-02 00:20:18 +08:00","395d2a72bf184a0946a4136322dc111a12696758f833ce701f73df79f30f0a04","395d2a72bf184a0946a4136322dc111a12696758f833ce701f73df79f30f0a04","figure_manifest.json","true","UNTRACKED","original","PNG;residual=True-Predicted;DC_POWER kW","VERIFIED_WITH_NOTE","Figure Pack untracked","FORMAL_A2","Master;Figure Audit;Inventory"
"1.0","DOC-A2A-Experiment-A2-20260918T051937Z_seed1234","A2","Plant1_to_Plant2","20260918T051937Z_seed1234","figure_residual","figure_pack","SUPPORTING","PFT_lr3e-5","true","true","REPOSITORY","reports/Solar Energy Result/Thesis_Figures/Experiment_A_Plant1_to_Plant2/residual/pft_residual_plot_original_scale.png","","pft_residual_plot_original_scale.png","true","431896","2026-10-02 00:20:18 +08:00","f6e8bbb31a5a0b84cbc090b3cd043a00403467aeb584721b050dc96a613d6a32","f6e8bbb31a5a0b84cbc090b3cd043a00403467aeb584721b050dc96a613d6a32","figure_manifest.json","true","UNTRACKED","original","PNG;residual=True-Predicted;DC_POWER kW","VERIFIED_WITH_NOTE","Figure Pack untracked","FORMAL_A2","Master;Figure Audit;Inventory"
"1.0","DOC-A2A-Experiment-A2-20260918T051937Z_seed1234","A2","Plant1_to_Plant2","20260918T051937Z_seed1234","figure_error_histogram","figure_pack","SUPPORTING","WOTL_lr1e-4","true","true","REPOSITORY","reports/Solar Energy Result/Thesis_Figures/Experiment_A_Plant1_to_Plant2/histogram/wotl_error_histogram_original_scale.png","","wotl_error_histogram_original_scale.png","true","109741","2026-10-02 00:20:18 +08:00","424df4319653bed1163b2463b2e87251a98d3bba857411a5c82f89d4c63cf177","424df4319653bed1163b2463b2e87251a98d3bba857411a5c82f89d4c63cf177","figure_manifest.json","true","UNTRACKED","original","PNG;prediction error=True-Predicted;frequency","VERIFIED_WITH_NOTE","Figure Pack untracked","FORMAL_A2","Master;Figure Audit;Inventory"
"1.0","DOC-A2A-Experiment-A2-20260918T051937Z_seed1234","A2","Plant1_to_Plant2","20260918T051937Z_seed1234","figure_error_histogram","figure_pack","SUPPORTING","PFT_lr3e-5","true","true","REPOSITORY","reports/Solar Energy Result/Thesis_Figures/Experiment_A_Plant1_to_Plant2/histogram/pft_error_histogram_original_scale.png","","pft_error_histogram_original_scale.png","true","109777","2026-10-02 00:20:19 +08:00","dcd5385d2ca22142a92306bbec868329840c2927b680833f504b0078cfd6a5b5","dcd5385d2ca22142a92306bbec868329840c2927b680833f504b0078cfd6a5b5","figure_manifest.json","true","UNTRACKED","original","PNG;prediction error=True-Predicted;frequency","VERIFIED_WITH_NOTE","Figure Pack untracked","FORMAL_A2","Master;Figure Audit;Inventory"
