"relative_path","filename","extension","file_family","size_bytes","sha256","git_status","tracked_or_untracked_or_ignored","modified_time","related_experiment","run_id","candidate_id","referenced_by_formal_artifact","duplicate_group_id","duplicate_group_size","canonical_candidate","recommended_disposition","decision_basis","human_review_required","notes"
".ipynb_checkpoints/將資料集轉檔成pkl檔案-checkpoint.ipynb","將資料集轉檔成pkl檔案-checkpoint.ipynb",".ipynb","NOTEBOOK","16747","e7d6b416bf971ff940f43b77f437891fc16c8deaa3f580e7a6580880c8b51c53","TRACKED_CLEAN","TRACKED","2024-11-05T03:40:15.4584260Z","DATA_PREPROCESSING","","","FALSE","","1","UNRESOLVED","NEEDS_REVIEW","Notebook autosave/checkpoint-area artifact has no exact-SHA active counterpart in scope; provenance value versus generated-state status requires human review.","TRUE","No conclusion based on filename similarity alone."
".ipynb_checkpoints/讀取pkl檔案&原始資料-checkpoint.ipynb","讀取pkl檔案&原始資料-checkpoint.ipynb",".ipynb","NOTEBOOK","373608","ac182ca74918442ed8d8f2b1c9d989452427715c94e93e0c8fa2d628496f4862","TRACKED_CLEAN","TRACKED","2024-11-15T06:36:57.6331127Z","DATA_PREPROCESSING","","","FALSE","","1","UNRESOLVED","NEEDS_REVIEW","Notebook autosave/checkpoint-area artifact has no exact-SHA active counterpart in scope; provenance value versus generated-state status requires human review.","TRUE","No conclusion based on filename similarity alone."
"notebook/__init__.py","__init__.py",".py","OTHER_IN_SCOPE","0","e3b0c44298fc1c149afbf4c8996fb92427ae41e4649b934ca495991b7852b855","TRACKED_CLEAN","TRACKED","2024-11-20T03:38:03.2198425Z","LEGACY_ANALYSIS_OR_GOVERNANCE","","","FALSE","","1","notebook/__init__.py","KEEP_IN_PROJECT","Tracked notebook-support source, script, or figure in the active project tree; no exact duplicate in scope.","FALSE","Preserved in place."
"notebook/__pycache__/__init__.cpython-37.pyc","__init__.cpython-37.pyc",".pyc","OTHER_IN_SCOPE","244","b7532014dfbf6a1640b1f1a8cb027f00b9833c1a36dc8d0495270cc8e4529339","TRACKED_CLEAN","TRACKED","2024-11-20T03:59:11.6079376Z","LEGACY_ANALYSIS_OR_GOVERNANCE","","","FALSE","","1","UNRESOLVED","NEEDS_REVIEW","Tracked generated Python bytecode is located in the notebook area; source/reproducibility value is unclear without a human retention decision.","TRUE","No deletion or Git change performed."
"notebook/__pycache__/bagging.cpython-37.pyc","bagging.cpython-37.pyc",".pyc","OTHER_IN_SCOPE","3116","12a8c92e79474703b671010692b14c195de3e7c0b6929f5408c93f214f6130ac","TRACKED_CLEAN","TRACKED","2024-12-25T07:58:12.3730482Z","LEGACY_ANALYSIS_OR_GOVERNANCE","","","FALSE","","1","UNRESOLVED","NEEDS_REVIEW","Tracked generated Python bytecode is located in the notebook area; source/reproducibility value is unclear without a human retention decision.","TRUE","No deletion or Git change performed."
"notebook/__pycache__/util.cpython-37.pyc","util.cpython-37.pyc",".pyc","OTHER_IN_SCOPE","4861","26b4835fc8c7beb3a8d374cf7be10b6cf4e8fe62d4698c2f955bc5c433d2978c","TRACKED_CLEAN","TRACKED","2024-12-17T12:28:45.1703657Z","LEGACY_ANALYSIS_OR_GOVERNANCE","","","FALSE","","1","UNRESOLVED","NEEDS_REVIEW","Tracked generated Python bytecode is located in the notebook area; source/reproducibility value is unclear without a human retention decision.","TRUE","No deletion or Git change performed."
"notebook/_bagging.py","_bagging.py",".py","OTHER_IN_SCOPE","4892","f9b84d37f06065968b5807dd854e75aa87e0bfde53c2d2de108e80603e462733","TRACKED_CLEAN","TRACKED","2024-12-25T07:56:47.0435672Z","LEGACY_ANALYSIS_OR_GOVERNANCE","","","FALSE","","1","notebook/_bagging.py","KEEP_IN_PROJECT","Tracked notebook-support source, script, or figure in the active project tree; no exact duplicate in scope.","FALSE","Preserved in place."
"notebook/.ipynb_checkpoints/NoteForResult&Output-checkpoint.ipynb","NoteForResult&Output-checkpoint.ipynb",".ipynb","NOTEBOOK","220322","c9499fbb8387aec72cbfccfd870756a82f6e23bb31781a716f2591a6fcdbad04","TRACKED_CLEAN","TRACKED","2024-11-20T08:25:08.8631611Z","LEGACY_ANALYSIS_OR_GOVERNANCE","","","FALSE","","1","UNRESOLVED","NEEDS_REVIEW","Notebook autosave/checkpoint-area artifact has no exact-SHA active counterpart in scope; provenance value versus generated-state status requires human review.","TRUE","No conclusion based on filename similarity alone."
"notebook/.ipynb_checkpoints/NoteForUtil-checkpoint.ipynb","NoteForUtil-checkpoint.ipynb",".ipynb","NOTEBOOK","185453","22b7331593bfd87805659dbd0dde09faddff572b524630d4b9c55a95e3db1b28","TRACKED_CLEAN","TRACKED","2024-11-21T09:33:45.0000000Z","LEGACY_ANALYSIS_OR_GOVERNANCE","","","FALSE","","1","UNRESOLVED","NEEDS_REVIEW","Notebook autosave/checkpoint-area artifact has no exact-SHA active counterpart in scope; provenance value versus generated-state status requires human review.","TRUE","No conclusion based on filename similarity alone."
"notebook/.ipynb_checkpoints/result-checkpoint.ipynb","result-checkpoint.ipynb",".ipynb","NOTEBOOK","1921","84513b802f4ff394bbe6a1690a1b370852d3c8ebb70c7bac2c089713b4c306e0","TRACKED_CLEAN","TRACKED","2024-11-20T08:03:21.7035250Z","LEGACY_ANALYSIS_OR_GOVERNANCE","","","FALSE","","1","UNRESOLVED","NEEDS_REVIEW","Notebook autosave/checkpoint-area artifact has no exact-SHA active counterpart in scope; provenance value versus generated-state status requires human review.","TRUE","No conclusion based on filename similarity alone."
"notebook/.ipynb_checkpoints/wavelet-checkpoint.ipynb","wavelet-checkpoint.ipynb",".ipynb","NOTEBOOK","55166","0f1a0776655cd14213d89511683476048e83ddf266cada61d53795ec0798904f","TRACKED_CLEAN","TRACKED","2024-11-20T09:55:26.1968180Z","LEGACY_ANALYSIS_OR_GOVERNANCE","","","FALSE","","1","UNRESOLVED","NEEDS_REVIEW","Notebook autosave/checkpoint-area artifact has no exact-SHA active counterpart in scope; provenance value versus generated-state status requires human review.","TRUE","No conclusion based on filename similarity alone."
"notebook/修改紀錄/Experiment_B_Master_20260915.md","Experiment_B_Master_20260915.md",".md","OTHER_IN_SCOPE","7849","17d9810771d91c5c67ce5d25bcfa60a754cd97597428ffa1e926c764d99af042","UNTRACKED","UNTRACKED","2026-09-14T11:34:34.7886980Z","Experiment_B","","","FALSE","","1","notebook/修改紀錄/Experiment_B_Master_20260915.md","KEEP_IN_REPOSITORY_ARCHIVE_ONLY","Historical protocol, audit, or execution evidence belongs in the repository evidence layer rather than the active workflow surface.","FALSE","Preserved in place; recommendation does not move or modify the artifact."
"notebook/修改紀錄/Experiment_B_Master_20260915.pdf","Experiment_B_Master_20260915.pdf",".pdf","NOTEBOOK_EXPORT","94993","7b925de5f5efbe42a07ef613ff771e37235b63dac0dc4d7f7c6c4edc345dbf61","UNTRACKED","UNTRACKED","2026-09-14T11:34:36.8790679Z","Experiment_B","","","FALSE","","1","notebook/修改紀錄/Experiment_B_Master_20260915.pdf","KEEP_IN_REPOSITORY_ARCHIVE_ONLY","Historical protocol, audit, or execution evidence belongs in the repository evidence layer rather than the active workflow surface.","FALSE","Preserved in place; recommendation does not move or modify the artifact."
"notebook/修改紀錄/experiment_protocol_20260818.md","experiment_protocol_20260818.md",".md","OTHER_IN_SCOPE","16112","bc174195ab4d94412d30838a1eeb0534e82b29474c2131fc960dff3289bdb710","UNTRACKED","UNTRACKED","2026-08-18T08:53:31.7362957Z","MULTI_EXPERIMENT_HISTORICAL","","","FALSE","","1","notebook/修改紀錄/experiment_protocol_20260818.md","KEEP_IN_REPOSITORY_ARCHIVE_ONLY","Historical protocol, audit, or execution evidence belongs in the repository evidence layer rather than the active workflow surface.","FALSE","Preserved in place; recommendation does not move or modify the artifact."
"notebook/修改紀錄/README_20260817.md","README_20260817.md",".md","OTHER_IN_SCOPE","19022","a04771ba2e5bfc8afcc0a52b778f0dc245602d7edc0a1f2f4d553ae09ec23071","UNTRACKED","UNTRACKED","2026-08-17T11:15:39.3259741Z","MULTI_EXPERIMENT_HISTORICAL","","","FALSE","D007","2","notebook/修改紀錄/README_Solar_v1_20260817.md","DUPLICATE_CANDIDATE_PENDING_HUMAN_APPROVAL","SHA256 is exactly identical to the selected canonical candidate; no deletion or relocation is authorized in Step 6.","TRUE","Pending human decision; canonical candidate: notebook/修改紀錄/README_Solar_v1_20260817.md."
"notebook/修改紀錄/README_20260915.md","README_20260915.md",".md","OTHER_IN_SCOPE","20166","4e93d69b130bc006ea196485d1e020008af8f52dfba838462d22e39abfeb6bc8","UNTRACKED","UNTRACKED","2026-09-15T13:05:25.9922014Z","MULTI_EXPERIMENT_HISTORICAL","","","FALSE","","1","notebook/修改紀錄/README_20260915.md","KEEP_IN_REPOSITORY_ARCHIVE_ONLY","Historical protocol, audit, or execution evidence belongs in the repository evidence layer rather than the active workflow surface.","FALSE","Preserved in place; recommendation does not move or modify the artifact."
"notebook/修改紀錄/README_Solar_v1_20260817.md","README_Solar_v1_20260817.md",".md","OTHER_IN_SCOPE","19022","a04771ba2e5bfc8afcc0a52b778f0dc245602d7edc0a1f2f4d553ae09ec23071","UNTRACKED","UNTRACKED","2026-08-17T11:15:39.6687062Z","MULTI_EXPERIMENT_HISTORICAL","","","TRUE","D007","2","notebook/修改紀錄/README_Solar_v1_20260817.md","KEEP_IN_REPOSITORY_ARCHIVE_ONLY","Exact-duplicate canonical candidate selected by direct B2 run-manifest provenance and the more specific Solar/version identity.","FALSE","Historical documentation snapshot; retained as repository archive evidence."
"notebook/修改紀錄/results_summary_20260818.md","results_summary_20260818.md",".md","OTHER_IN_SCOPE","14349","85df6e1769d0356ba3be17e0ef8fa09d06947d68a1f16ad7a966e96a6c8b64d3","UNTRACKED","UNTRACKED","2026-08-18T08:36:43.0190191Z","MULTI_EXPERIMENT_HISTORICAL","","","FALSE","","1","notebook/修改紀錄/results_summary_20260818.md","KEEP_IN_REPOSITORY_ARCHIVE_ONLY","Historical protocol, audit, or execution evidence belongs in the repository evidence layer rather than the active workflow surface.","FALSE","Preserved in place; recommendation does not move or modify the artifact."
"notebook/修改紀錄/results_summary_20260915 (2).md","results_summary_20260915 (2).md",".md","OTHER_IN_SCOPE","10352","366657e58b6863b27f5f3455fad81139e75c09fb4ef16a1bb6bc3a2c1d5754bd","UNTRACKED","UNTRACKED","2026-09-15T14:31:45.9506130Z","MULTI_EXPERIMENT_HISTORICAL","","","FALSE","","1","notebook/修改紀錄/results_summary_20260915 (2).md","KEEP_IN_REPOSITORY_ARCHIVE_ONLY","Historical protocol, audit, or execution evidence belongs in the repository evidence layer rather than the active workflow surface.","FALSE","Preserved in place; recommendation does not move or modify the artifact."
"notebook/修改紀錄/results_summary_20260915.md","results_summary_20260915.md",".md","OTHER_IN_SCOPE","10323","1edbd73d73d64de973ead9095f9afedcdb7db689e6f9522f2de65c7de7800d9d","UNTRACKED","UNTRACKED","2026-09-15T13:08:00.0997013Z","MULTI_EXPERIMENT_HISTORICAL","","","FALSE","","1","notebook/修改紀錄/results_summary_20260915.md","KEEP_IN_REPOSITORY_ARCHIVE_ONLY","Historical protocol, audit, or execution evidence belongs in the repository evidence layer rather than the active workflow surface.","FALSE","Preserved in place; recommendation does not move or modify the artifact."
"notebook/特徵重要性－L1 正則化（Lasso Regression）.png","特徵重要性－L1 正則化（Lasso Regression）.png",".png","OTHER_IN_SCOPE","42008","3d581b4963362b567f90d2c36f956c16e85f928a580020462b18c08ccf8a1b65","TRACKED_CLEAN","TRACKED","2025-06-23T11:04:56.9285003Z","LEGACY_ANALYSIS_OR_GOVERNANCE","","","FALSE","","1","notebook/特徵重要性－L1 正則化（Lasso Regression）.png","KEEP_IN_PROJECT","Tracked notebook-support source, script, or figure in the active project tree; no exact duplicate in scope.","FALSE","Preserved in place."
"notebook/特徵重要性－Random Forest（隨機森林）.png","特徵重要性－Random Forest（隨機森林）.png",".png","OTHER_IN_SCOPE","47825","b8bb7ab173f13b3143401c7e59d97d38db98c1c42f239550fb85fa1ad3ed8bc0","TRACKED_CLEAN","TRACKED","2025-06-23T11:05:33.5723681Z","LEGACY_ANALYSIS_OR_GOVERNANCE","","","FALSE","","1","notebook/特徵重要性－Random Forest（隨機森林）.png","KEEP_IN_PROJECT","Tracked notebook-support source, script, or figure in the active project tree; no exact duplicate in scope.","FALSE","Preserved in place."
"notebook/執行紀錄/20260814執行資料紀錄.txt","20260814執行資料紀錄.txt",".txt","OTHER_IN_SCOPE","151810","80f1c37ba17cf254326d99ea3dfe7336bcba348ab646d8c1bff8000a6b223118","UNTRACKED","UNTRACKED","2026-08-14T07:46:55.9845428Z","LEGACY_ANALYSIS_OR_GOVERNANCE","","","TRUE","","1","notebook/執行紀錄/20260814執行資料紀錄.txt","KEEP_IN_REPOSITORY_ARCHIVE_ONLY","Historical protocol, audit, or execution evidence belongs in the repository evidence layer rather than the active workflow surface.","FALSE","Preserved in place; recommendation does not move or modify the artifact."
"notebook/執行紀錄/螢幕擷取畫面 2026-08-14 154501.png","螢幕擷取畫面 2026-08-14 154501.png",".png","OTHER_IN_SCOPE","315951","d0a5f726c782395455e8715735b18f6f99cd84b660683f0695560cc286e7e552","UNTRACKED","UNTRACKED","2026-08-14T07:46:00.2559648Z","LEGACY_ANALYSIS_OR_GOVERNANCE","","","TRUE","","1","notebook/執行紀錄/螢幕擷取畫面 2026-08-14 154501.png","KEEP_IN_REPOSITORY_ARCHIVE_ONLY","Historical protocol, audit, or execution evidence belongs in the repository evidence layer rather than the active workflow surface.","FALSE","Preserved in place; recommendation does not move or modify the artifact."
"notebook/執行紀錄/螢幕擷取畫面 2026-08-15 153459.png","螢幕擷取畫面 2026-08-15 153459.png",".png","OTHER_IN_SCOPE","171505","b5ff26250512049bf558ad3ecd0aaf1a11b02e8e8b9809f0052944c70c4fa702","UNTRACKED","UNTRACKED","2026-08-15T07:35:37.3570377Z","LEGACY_ANALYSIS_OR_GOVERNANCE","","","TRUE","","1","notebook/執行紀錄/螢幕擷取畫面 2026-08-15 153459.png","KEEP_IN_REPOSITORY_ARCHIVE_ONLY","Historical protocol, audit, or execution evidence belongs in the repository evidence layer rather than the active workflow surface.","FALSE","Preserved in place; recommendation does not move or modify the artifact."
"notebook/執行紀錄/Phase_IV_B_Audit_20260821T041718Z_seed1234.tar.gz","Phase_IV_B_Audit_20260821T041718Z_seed1234.tar.gz",".tar.gz","ARCHIVE","242268","3d60e53e65cc3ff62435dcc4e5ec548a2fc822fc890fe9e8f770f309e8f68552","UNTRACKED","UNTRACKED","2026-08-21T04:32:56.0619008Z","Experiment_B_Linear_Formal","20260821T041718Z_seed1234","","TRUE","","1","notebook/執行紀錄/Phase_IV_B_Audit_20260821T041718Z_seed1234.tar.gz","KEEP_IN_REPOSITORY_ARCHIVE_ONLY","Historical protocol, audit, or execution evidence belongs in the repository evidence layer rather than the active workflow surface.","FALSE","Preserved in place; recommendation does not move or modify the artifact."
"notebook/執行紀錄/Phase_IV_B_Audit_20260821T041718Z_seed1234.zip","Phase_IV_B_Audit_20260821T041718Z_seed1234.zip",".zip","ARCHIVE","253365","b18cd601ece7c9c7ecd5a7475d94161151e6e412910b662a82b8e0400a180e5c","UNTRACKED","UNTRACKED","2026-08-21T04:45:00.3422944Z","Experiment_B_Linear_Formal","20260821T041718Z_seed1234","","TRUE","","1","notebook/執行紀錄/Phase_IV_B_Audit_20260821T041718Z_seed1234.zip","KEEP_IN_REPOSITORY_ARCHIVE_ONLY","Historical protocol, audit, or execution evidence belongs in the repository evidence layer rather than the active workflow surface.","FALSE","Preserved in place; recommendation does not move or modify the artifact."
"notebook/執行紀錄/Phase_IV_B_Audit_20260821T041718Z_seed1234/reports/Solar Energy Result/Linear_Formal/Experiment_B/20260821T041718Z_seed1234/protocol_manifest.json","protocol_manifest.json",".json","OTHER_IN_SCOPE","8055","09d92963d240fa705dd4dc045ddd5d8516887fd09a15f59d1fd53afbb884b3f8","UNTRACKED","UNTRACKED","2026-08-21T04:32:46.1849925Z","Experiment_B_Linear_Formal","20260821T041718Z_seed1234","","TRUE","","1","notebook/執行紀錄/Phase_IV_B_Audit_20260821T041718Z_seed1234/reports/Solar Energy Result/Linear_Formal/Experiment_B/20260821T041718Z_seed1234/protocol_manifest.json","KEEP_IN_REPOSITORY_ARCHIVE_ONLY","Historical protocol, audit, or execution evidence belongs in the repository evidence layer rather than the active workflow surface.","FALSE","Preserved in place; recommendation does not move or modify the artifact."
"notebook/執行紀錄/Phase_IV_B_Audit_20260821T041718Z_seed1234/reports/Solar Energy Result/Linear_Formal/Experiment_B/20260821T041718Z_seed1234/selection/selection.json","selection.json",".json","OTHER_IN_SCOPE","9430","5a6494136a89509b22f2f8f261b2f1efbad5d6c4785d086a654ab9403e0ffd2d","UNTRACKED","UNTRACKED","2026-08-21T04:32:46.2401376Z","Experiment_B_Linear_Formal","20260821T041718Z_seed1234","","TRUE","","1","notebook/執行紀錄/Phase_IV_B_Audit_20260821T041718Z_seed1234/reports/Solar Energy Result/Linear_Formal/Experiment_B/20260821T041718Z_seed1234/selection/selection.json","KEEP_IN_REPOSITORY_ARCHIVE_ONLY","Historical protocol, audit, or execution evidence belongs in the repository evidence layer rather than the active workflow surface.","FALSE","Preserved in place; recommendation does not move or modify the artifact."
"notebook/執行紀錄/Phase_IV_B_Audit_20260821T041718Z_seed1234/reports/Solar Energy Result/Linear_Formal/Experiment_B/20260821T041718Z_seed1234/source_candidates/SRC_lr1e-4/access_log.json","access_log.json",".json","OTHER_IN_SCOPE","3664","4586c07df15b4b984bfdda3507063d70f4f7b2147badd4919bc8c62d0a44c434","UNTRACKED","UNTRACKED","2026-08-21T04:32:46.2956983Z","Experiment_B_Linear_Formal","20260821T041718Z_seed1234","SRC_lr1e-4","TRUE","D005","2","NOT_APPLICABLE_DISTINCT_LOGICAL_ROLES","KEEP_IN_REPOSITORY_ARCHIVE_ONLY","Exact bytes recur in separate pre-registered candidate directories; the logical candidate roles are distinct and are referenced by the preserved B2 run manifest.","FALSE","Byte identity does not make either candidate-role record disposable; no single canonical path applies."
"notebook/執行紀錄/Phase_IV_B_Audit_20260821T041718Z_seed1234/reports/Solar Energy Result/Linear_Formal/Experiment_B/20260821T041718Z_seed1234/source_candidates/SRC_lr1e-4/best_checkpoint.json","best_checkpoint.json",".json","OTHER_IN_SCOPE","554","4457fc31c29982b70a3345b8b780254454a8c323f2ec4bc79a670198a0068c4a","UNTRACKED","UNTRACKED","2026-08-21T04:32:46.3446121Z","Experiment_B_Linear_Formal","20260821T041718Z_seed1234","SRC_lr1e-4","TRUE","","1","notebook/執行紀錄/Phase_IV_B_Audit_20260821T041718Z_seed1234/reports/Solar Energy Result/Linear_Formal/Experiment_B/20260821T041718Z_seed1234/source_candidates/SRC_lr1e-4/best_checkpoint.json","KEEP_IN_REPOSITORY_ARCHIVE_ONLY","Historical protocol, audit, or execution evidence belongs in the repository evidence layer rather than the active workflow surface.","FALSE","Preserved in place; recommendation does not move or modify the artifact."
"notebook/執行紀錄/Phase_IV_B_Audit_20260821T041718Z_seed1234/reports/Solar Energy Result/Linear_Formal/Experiment_B/20260821T041718Z_seed1234/source_candidates/SRC_lr1e-4/candidate_manifest.json","candidate_manifest.json",".json","OTHER_IN_SCOPE","560","ba224ccffc2ed971ba9685437ce94ab52327e68479fc4abefcc3c2d44020ae2b","UNTRACKED","UNTRACKED","2026-08-21T04:32:46.3917785Z","Experiment_B_Linear_Formal","20260821T041718Z_seed1234","SRC_lr1e-4","TRUE","","1","notebook/執行紀錄/Phase_IV_B_Audit_20260821T041718Z_seed1234/reports/Solar Energy Result/Linear_Formal/Experiment_B/20260821T041718Z_seed1234/source_candidates/SRC_lr1e-4/candidate_manifest.json","KEEP_IN_REPOSITORY_ARCHIVE_ONLY","Historical protocol, audit, or execution evidence belongs in the repository evidence layer rather than the active workflow surface.","FALSE","Preserved in place; recommendation does not move or modify the artifact."
"notebook/執行紀錄/Phase_IV_B_Audit_20260821T041718Z_seed1234/reports/Solar Energy Result/Linear_Formal/Experiment_B/20260821T041718Z_seed1234/source_candidates/SRC_lr1e-4/history.csv","history.csv",".csv","OTHER_IN_SCOPE","125440","c070831ac1fec08825bba579059842536369425aab45e31924c4539a0c179e43","UNTRACKED","UNTRACKED","2026-08-21T04:32:46.4420115Z","Experiment_B_Linear_Formal","20260821T041718Z_seed1234","SRC_lr1e-4","TRUE","","1","notebook/執行紀錄/Phase_IV_B_Audit_20260821T041718Z_seed1234/reports/Solar Energy Result/Linear_Formal/Experiment_B/20260821T041718Z_seed1234/source_candidates/SRC_lr1e-4/history.csv","KEEP_IN_REPOSITORY_ARCHIVE_ONLY","Historical protocol, audit, or execution evidence belongs in the repository evidence layer rather than the active workflow surface.","FALSE","Preserved in place; recommendation does not move or modify the artifact."
"notebook/執行紀錄/Phase_IV_B_Audit_20260821T041718Z_seed1234/reports/Solar Energy Result/Linear_Formal/Experiment_B/20260821T041718Z_seed1234/source_candidates/SRC_lr1e-4/learning_rate_history.csv","learning_rate_history.csv",".csv","OTHER_IN_SCOPE","13413","07560ab0de6de47503dee321e1e52be31cb6140b43f064c2003534f79a722be1","UNTRACKED","UNTRACKED","2026-08-21T04:32:46.4942848Z","Experiment_B_Linear_Formal","20260821T041718Z_seed1234","SRC_lr1e-4","TRUE","D002","2","NOT_APPLICABLE_DISTINCT_LOGICAL_ROLES","KEEP_IN_REPOSITORY_ARCHIVE_ONLY","Exact bytes recur in separate pre-registered candidate directories; the logical candidate roles are distinct and are referenced by the preserved B2 run manifest.","FALSE","Byte identity does not make either candidate-role record disposable; no single canonical path applies."
"notebook/執行紀錄/Phase_IV_B_Audit_20260821T041718Z_seed1234/reports/Solar Energy Result/Linear_Formal/Experiment_B/20260821T041718Z_seed1234/source_candidates/SRC_lr1e-4/validation_metrics_original_scale.json","validation_metrics_original_scale.json",".json","OTHER_IN_SCOPE","409","22500bea974dc34b0c0eb833f2bfa79dc454f7ff66135b6708aee1779694c7dd","UNTRACKED","UNTRACKED","2026-08-21T04:32:46.5467871Z","Experiment_B_Linear_Formal","20260821T041718Z_seed1234","SRC_lr1e-4","TRUE","","1","notebook/執行紀錄/Phase_IV_B_Audit_20260821T041718Z_seed1234/reports/Solar Energy Result/Linear_Formal/Experiment_B/20260821T041718Z_seed1234/source_candidates/SRC_lr1e-4/validation_metrics_original_scale.json","KEEP_IN_REPOSITORY_ARCHIVE_ONLY","Historical protocol, audit, or execution evidence belongs in the repository evidence layer rather than the active workflow surface.","FALSE","Preserved in place; recommendation does not move or modify the artifact."
"notebook/執行紀錄/Phase_IV_B_Audit_20260821T041718Z_seed1234/reports/Solar Energy Result/Linear_Formal/Experiment_B/20260821T041718Z_seed1234/source_candidates/SRC_lr3e-5/access_log.json","access_log.json",".json","OTHER_IN_SCOPE","3664","4586c07df15b4b984bfdda3507063d70f4f7b2147badd4919bc8c62d0a44c434","UNTRACKED","UNTRACKED","2026-08-21T04:32:46.6025550Z","Experiment_B_Linear_Formal","20260821T041718Z_seed1234","SRC_lr3e-5","TRUE","D005","2","NOT_APPLICABLE_DISTINCT_LOGICAL_ROLES","KEEP_IN_REPOSITORY_ARCHIVE_ONLY","Exact bytes recur in separate pre-registered candidate directories; the logical candidate roles are distinct and are referenced by the preserved B2 run manifest.","FALSE","Byte identity does not make either candidate-role record disposable; no single canonical path applies."
"notebook/執行紀錄/Phase_IV_B_Audit_20260821T041718Z_seed1234/reports/Solar Energy Result/Linear_Formal/Experiment_B/20260821T041718Z_seed1234/source_candidates/SRC_lr3e-5/best_checkpoint.json","best_checkpoint.json",".json","OTHER_IN_SCOPE","554","9bbc025433789b863ea6a2530c96d126353da3cf6a79e26fc0a42ad3c175e5b1","UNTRACKED","UNTRACKED","2026-08-21T04:32:46.6541381Z","Experiment_B_Linear_Formal","20260821T041718Z_seed1234","SRC_lr3e-5","TRUE","","1","notebook/執行紀錄/Phase_IV_B_Audit_20260821T041718Z_seed1234/reports/Solar Energy Result/Linear_Formal/Experiment_B/20260821T041718Z_seed1234/source_candidates/SRC_lr3e-5/best_checkpoint.json","KEEP_IN_REPOSITORY_ARCHIVE_ONLY","Historical protocol, audit, or execution evidence belongs in the repository evidence layer rather than the active workflow surface.","FALSE","Preserved in place; recommendation does not move or modify the artifact."
"notebook/執行紀錄/Phase_IV_B_Audit_20260821T041718Z_seed1234/reports/Solar Energy Result/Linear_Formal/Experiment_B/20260821T041718Z_seed1234/source_candidates/SRC_lr3e-5/candidate_manifest.json","candidate_manifest.json",".json","OTHER_IN_SCOPE","559","a7713e19b88d8559c5f8378ef09a1901ff12335ec5bab2a79694fb390050dbed","UNTRACKED","UNTRACKED","2026-08-21T04:32:46.7046496Z","Experiment_B_Linear_Formal","20260821T041718Z_seed1234","SRC_lr3e-5","TRUE","","1","notebook/執行紀錄/Phase_IV_B_Audit_20260821T041718Z_seed1234/reports/Solar Energy Result/Linear_Formal/Experiment_B/20260821T041718Z_seed1234/source_candidates/SRC_lr3e-5/candidate_manifest.json","KEEP_IN_REPOSITORY_ARCHIVE_ONLY","Historical protocol, audit, or execution evidence belongs in the repository evidence layer rather than the active workflow surface.","FALSE","Preserved in place; recommendation does not move or modify the artifact."
"notebook/執行紀錄/Phase_IV_B_Audit_20260821T041718Z_seed1234/reports/Solar Energy Result/Linear_Formal/Experiment_B/20260821T041718Z_seed1234/source_candidates/SRC_lr3e-5/history.csv","history.csv",".csv","OTHER_IN_SCOPE","125494","be5e721cc96e2c4705ad1e8cf2027f438a8886bfcabeef0394a1febcee3a7113","UNTRACKED","UNTRACKED","2026-08-21T04:32:46.7578393Z","Experiment_B_Linear_Formal","20260821T041718Z_seed1234","SRC_lr3e-5","TRUE","","1","notebook/執行紀錄/Phase_IV_B_Audit_20260821T041718Z_seed1234/reports/Solar Energy Result/Linear_Formal/Experiment_B/20260821T041718Z_seed1234/source_candidates/SRC_lr3e-5/history.csv","KEEP_IN_REPOSITORY_ARCHIVE_ONLY","Historical protocol, audit, or execution evidence belongs in the repository evidence layer rather than the active workflow surface.","FALSE","Preserved in place; recommendation does not move or modify the artifact."
"notebook/執行紀錄/Phase_IV_B_Audit_20260821T041718Z_seed1234/reports/Solar Energy Result/Linear_Formal/Experiment_B/20260821T041718Z_seed1234/source_candidates/SRC_lr3e-5/learning_rate_history.csv","learning_rate_history.csv",".csv","OTHER_IN_SCOPE","13913","0d1a298d4d9941d59fccb07ccd19589c69187375f3576b5d0962ebaf3fa747d8","UNTRACKED","UNTRACKED","2026-08-21T04:32:46.8123126Z","Experiment_B_Linear_Formal","20260821T041718Z_seed1234","SRC_lr3e-5","TRUE","D003","2","NOT_APPLICABLE_DISTINCT_LOGICAL_ROLES","KEEP_IN_REPOSITORY_ARCHIVE_ONLY","Exact bytes recur in separate pre-registered candidate directories; the logical candidate roles are distinct and are referenced by the preserved B2 run manifest.","FALSE","Byte identity does not make either candidate-role record disposable; no single canonical path applies."
"notebook/執行紀錄/Phase_IV_B_Audit_20260821T041718Z_seed1234/reports/Solar Energy Result/Linear_Formal/Experiment_B/20260821T041718Z_seed1234/source_candidates/SRC_lr3e-5/validation_metrics_original_scale.json","validation_metrics_original_scale.json",".json","OTHER_IN_SCOPE","408","4f6ecbc40972a637a0db5c56beb33cfb240d382dd931eed659da1e3e5aa9c9d8","UNTRACKED","UNTRACKED","2026-08-21T04:32:46.8652564Z","Experiment_B_Linear_Formal","20260821T041718Z_seed1234","SRC_lr3e-5","TRUE","","1","notebook/執行紀錄/Phase_IV_B_Audit_20260821T041718Z_seed1234/reports/Solar Energy Result/Linear_Formal/Experiment_B/20260821T041718Z_seed1234/source_candidates/SRC_lr3e-5/validation_metrics_original_scale.json","KEEP_IN_REPOSITORY_ARCHIVE_ONLY","Historical protocol, audit, or execution evidence belongs in the repository evidence layer rather than the active workflow surface.","FALSE","Preserved in place; recommendation does not move or modify the artifact."
"notebook/執行紀錄/Phase_IV_B_Audit_20260821T041718Z_seed1234/reports/Solar Energy Result/Linear_Formal/Experiment_B/20260821T041718Z_seed1234/target_partial_ft_candidates/PFT_lr1e-5/access_log.json","access_log.json",".json","OTHER_IN_SCOPE","3529","4ef606aac5878ec063024a37f3f51be8213952999da63b0e88fbc98f5279b1a4","UNTRACKED","UNTRACKED","2026-08-21T04:32:46.9242558Z","Experiment_B_Linear_Formal","20260821T041718Z_seed1234","PFT_lr1e-5","TRUE","D006","4","NOT_APPLICABLE_DISTINCT_LOGICAL_ROLES","KEEP_IN_REPOSITORY_ARCHIVE_ONLY","Exact bytes recur in separate pre-registered candidate directories; the logical candidate roles are distinct and are referenced by the preserved B2 run manifest.","FALSE","Byte identity does not make either candidate-role record disposable; no single canonical path applies."
"notebook/執行紀錄/Phase_IV_B_Audit_20260821T041718Z_seed1234/reports/Solar Energy Result/Linear_Formal/Experiment_B/20260821T041718Z_seed1234/target_partial_ft_candidates/PFT_lr1e-5/best_checkpoint.json","best_checkpoint.json",".json","OTHER_IN_SCOPE","564","52edf0a4d43a57a33b3c58560dbb13b7376bf0dac5f3bde9cc3c55634f445431","UNTRACKED","UNTRACKED","2026-08-21T04:32:46.9762564Z","Experiment_B_Linear_Formal","20260821T041718Z_seed1234","PFT_lr1e-5","TRUE","","1","notebook/執行紀錄/Phase_IV_B_Audit_20260821T041718Z_seed1234/reports/Solar Energy Result/Linear_Formal/Experiment_B/20260821T041718Z_seed1234/target_partial_ft_candidates/PFT_lr1e-5/best_checkpoint.json","KEEP_IN_REPOSITORY_ARCHIVE_ONLY","Historical protocol, audit, or execution evidence belongs in the repository evidence layer rather than the active workflow surface.","FALSE","Preserved in place; recommendation does not move or modify the artifact."
"notebook/執行紀錄/Phase_IV_B_Audit_20260821T041718Z_seed1234/reports/Solar Energy Result/Linear_Formal/Experiment_B/20260821T041718Z_seed1234/target_partial_ft_candidates/PFT_lr1e-5/candidate_manifest.json","candidate_manifest.json",".json","OTHER_IN_SCOPE","791","98961f62a404ee55b18c6af12520ed04aeef9044a1c5b34739cfa4b11d2ade72","UNTRACKED","UNTRACKED","2026-08-21T04:32:47.0278050Z","Experiment_B_Linear_Formal","20260821T041718Z_seed1234","PFT_lr1e-5","TRUE","","1","notebook/執行紀錄/Phase_IV_B_Audit_20260821T041718Z_seed1234/reports/Solar Energy Result/Linear_Formal/Experiment_B/20260821T041718Z_seed1234/target_partial_ft_candidates/PFT_lr1e-5/candidate_manifest.json","KEEP_IN_REPOSITORY_ARCHIVE_ONLY","Historical protocol, audit, or execution evidence belongs in the repository evidence layer rather than the active workflow surface.","FALSE","Preserved in place; recommendation does not move or modify the artifact."
"notebook/執行紀錄/Phase_IV_B_Audit_20260821T041718Z_seed1234/reports/Solar Energy Result/Linear_Formal/Experiment_B/20260821T041718Z_seed1234/target_partial_ft_candidates/PFT_lr1e-5/history.csv","history.csv",".csv","OTHER_IN_SCOPE","16522","9c4c15028bc17ba509d490102db132fcf3f8d5ac8368458fcfb015c4692edefb","UNTRACKED","UNTRACKED","2026-08-21T04:32:47.1038046Z","Experiment_B_Linear_Formal","20260821T041718Z_seed1234","PFT_lr1e-5","TRUE","","1","notebook/執行紀錄/Phase_IV_B_Audit_20260821T041718Z_seed1234/reports/Solar Energy Result/Linear_Formal/Experiment_B/20260821T041718Z_seed1234/target_partial_ft_candidates/PFT_lr1e-5/history.csv","KEEP_IN_REPOSITORY_ARCHIVE_ONLY","Historical protocol, audit, or execution evidence belongs in the repository evidence layer rather than the active workflow surface.","FALSE","Preserved in place; recommendation does not move or modify the artifact."
"notebook/執行紀錄/Phase_IV_B_Audit_20260821T041718Z_seed1234/reports/Solar Energy Result/Linear_Formal/Experiment_B/20260821T041718Z_seed1234/target_partial_ft_candidates/PFT_lr1e-5/learning_rate_history.csv","learning_rate_history.csv",".csv","OTHER_IN_SCOPE","1738","e099f1aaab327dad6318971b569809e16795af7f558b9f3e1195782f26a41315","UNTRACKED","UNTRACKED","2026-08-21T04:32:47.1578047Z","Experiment_B_Linear_Formal","20260821T041718Z_seed1234","PFT_lr1e-5","TRUE","","1","notebook/執行紀錄/Phase_IV_B_Audit_20260821T041718Z_seed1234/reports/Solar Energy Result/Linear_Formal/Experiment_B/20260821T041718Z_seed1234/target_partial_ft_candidates/PFT_lr1e-5/learning_rate_history.csv","KEEP_IN_REPOSITORY_ARCHIVE_ONLY","Historical protocol, audit, or execution evidence belongs in the repository evidence layer rather than the active workflow surface.","FALSE","Preserved in place; recommendation does not move or modify the artifact."
"notebook/執行紀錄/Phase_IV_B_Audit_20260821T041718Z_seed1234/reports/Solar Energy Result/Linear_Formal/Experiment_B/20260821T041718Z_seed1234/target_partial_ft_candidates/PFT_lr1e-5/validation_metrics_original_scale.json","validation_metrics_original_scale.json",".json","OTHER_IN_SCOPE","408","6e02e8ad4f1a30c2313c9aaaaf6fbb3864daa794f0c901c4758ad494c823dd04","UNTRACKED","UNTRACKED","2026-08-21T04:32:47.2088064Z","Experiment_B_Linear_Formal","20260821T041718Z_seed1234","PFT_lr1e-5","TRUE","","1","notebook/執行紀錄/Phase_IV_B_Audit_20260821T041718Z_seed1234/reports/Solar Energy Result/Linear_Formal/Experiment_B/20260821T041718Z_seed1234/target_partial_ft_candidates/PFT_lr1e-5/validation_metrics_original_scale.json","KEEP_IN_REPOSITORY_ARCHIVE_ONLY","Historical protocol, audit, or execution evidence belongs in the repository evidence layer rather than the active workflow surface.","FALSE","Preserved in place; recommendation does not move or modify the artifact."
"notebook/執行紀錄/Phase_IV_B_Audit_20260821T041718Z_seed1234/reports/Solar Energy Result/Linear_Formal/Experiment_B/20260821T041718Z_seed1234/target_partial_ft_candidates/PFT_lr3e-5/access_log.json","access_log.json",".json","OTHER_IN_SCOPE","3529","4ef606aac5878ec063024a37f3f51be8213952999da63b0e88fbc98f5279b1a4","UNTRACKED","UNTRACKED","2026-08-21T04:32:47.2601996Z","Experiment_B_Linear_Formal","20260821T041718Z_seed1234","PFT_lr3e-5","TRUE","D006","4","NOT_APPLICABLE_DISTINCT_LOGICAL_ROLES","KEEP_IN_REPOSITORY_ARCHIVE_ONLY","Exact bytes recur in separate pre-registered candidate directories; the logical candidate roles are distinct and are referenced by the preserved B2 run manifest.","FALSE","Byte identity does not make either candidate-role record disposable; no single canonical path applies."
"notebook/執行紀錄/Phase_IV_B_Audit_20260821T041718Z_seed1234/reports/Solar Energy Result/Linear_Formal/Experiment_B/20260821T041718Z_seed1234/target_partial_ft_candidates/PFT_lr3e-5/best_checkpoint.json","best_checkpoint.json",".json","OTHER_IN_SCOPE","563","4ecd6f7c549e41b0916517532c5baad32390a949b60be10998ed24566d098e45","UNTRACKED","UNTRACKED","2026-08-21T04:32:47.3068634Z","Experiment_B_Linear_Formal","20260821T041718Z_seed1234","PFT_lr3e-5","TRUE","","1","notebook/執行紀錄/Phase_IV_B_Audit_20260821T041718Z_seed1234/reports/Solar Energy Result/Linear_Formal/Experiment_B/20260821T041718Z_seed1234/target_partial_ft_candidates/PFT_lr3e-5/best_checkpoint.json","KEEP_IN_REPOSITORY_ARCHIVE_ONLY","Historical protocol, audit, or execution evidence belongs in the repository evidence layer rather than the active workflow surface.","FALSE","Preserved in place; recommendation does not move or modify the artifact."
"notebook/執行紀錄/Phase_IV_B_Audit_20260821T041718Z_seed1234/reports/Solar Energy Result/Linear_Formal/Experiment_B/20260821T041718Z_seed1234/target_partial_ft_candidates/PFT_lr3e-5/candidate_manifest.json","candidate_manifest.json",".json","OTHER_IN_SCOPE","790","bfaef9c81f2e732ba21a4bedda6b870a913c24a1a48c8ed9ac47ddd977978534","UNTRACKED","UNTRACKED","2026-08-21T04:32:47.3478869Z","Experiment_B_Linear_Formal","20260821T041718Z_seed1234","PFT_lr3e-5","TRUE","","1","notebook/執行紀錄/Phase_IV_B_Audit_20260821T041718Z_seed1234/reports/Solar Energy Result/Linear_Formal/Experiment_B/20260821T041718Z_seed1234/target_partial_ft_candidates/PFT_lr3e-5/candidate_manifest.json","KEEP_IN_REPOSITORY_ARCHIVE_ONLY","Historical protocol, audit, or execution evidence belongs in the repository evidence layer rather than the active workflow surface.","FALSE","Preserved in place; recommendation does not move or modify the artifact."
"notebook/執行紀錄/Phase_IV_B_Audit_20260821T041718Z_seed1234/reports/Solar Energy Result/Linear_Formal/Experiment_B/20260821T041718Z_seed1234/target_partial_ft_candidates/PFT_lr3e-5/history.csv","history.csv",".csv","OTHER_IN_SCOPE","13571","7024b6e75edab9db5b204f1f253c54b868925948d653be201780d74c60aa4157","UNTRACKED","UNTRACKED","2026-08-21T04:32:47.3985285Z","Experiment_B_Linear_Formal","20260821T041718Z_seed1234","PFT_lr3e-5","TRUE","","1","notebook/執行紀錄/Phase_IV_B_Audit_20260821T041718Z_seed1234/reports/Solar Energy Result/Linear_Formal/Experiment_B/20260821T041718Z_seed1234/target_partial_ft_candidates/PFT_lr3e-5/history.csv","KEEP_IN_REPOSITORY_ARCHIVE_ONLY","Historical protocol, audit, or execution evidence belongs in the repository evidence layer rather than the active workflow surface.","FALSE","Preserved in place; recommendation does not move or modify the artifact."
"notebook/執行紀錄/Phase_IV_B_Audit_20260821T041718Z_seed1234/reports/Solar Energy Result/Linear_Formal/Experiment_B/20260821T041718Z_seed1234/target_partial_ft_candidates/PFT_lr3e-5/learning_rate_history.csv","learning_rate_history.csv",".csv","OTHER_IN_SCOPE","1470","a1de1fb032d8d27d5899bfa1ad06fa6578b79e26505173a59a031afdcbb14b79","UNTRACKED","UNTRACKED","2026-08-21T04:32:47.4488635Z","Experiment_B_Linear_Formal","20260821T041718Z_seed1234","PFT_lr3e-5","TRUE","","1","notebook/執行紀錄/Phase_IV_B_Audit_20260821T041718Z_seed1234/reports/Solar Energy Result/Linear_Formal/Experiment_B/20260821T041718Z_seed1234/target_partial_ft_candidates/PFT_lr3e-5/learning_rate_history.csv","KEEP_IN_REPOSITORY_ARCHIVE_ONLY","Historical protocol, audit, or execution evidence belongs in the repository evidence layer rather than the active workflow surface.","FALSE","Preserved in place; recommendation does not move or modify the artifact."
"notebook/執行紀錄/Phase_IV_B_Audit_20260821T041718Z_seed1234/reports/Solar Energy Result/Linear_Formal/Experiment_B/20260821T041718Z_seed1234/target_partial_ft_candidates/PFT_lr3e-5/validation_metrics_original_scale.json","validation_metrics_original_scale.json",".json","OTHER_IN_SCOPE","406","d37d2edd9867ce6bdf788760d0b23e96184dc48fde6fd48dabe80750accde37d","UNTRACKED","UNTRACKED","2026-08-21T04:32:47.4988642Z","Experiment_B_Linear_Formal","20260821T041718Z_seed1234","PFT_lr3e-5","TRUE","","1","notebook/執行紀錄/Phase_IV_B_Audit_20260821T041718Z_seed1234/reports/Solar Energy Result/Linear_Formal/Experiment_B/20260821T041718Z_seed1234/target_partial_ft_candidates/PFT_lr3e-5/validation_metrics_original_scale.json","KEEP_IN_REPOSITORY_ARCHIVE_ONLY","Historical protocol, audit, or execution evidence belongs in the repository evidence layer rather than the active workflow surface.","FALSE","Preserved in place; recommendation does not move or modify the artifact."
"notebook/執行紀錄/Phase_IV_B_Audit_20260821T041718Z_seed1234/reports/Solar Energy Result/Linear_Formal/Experiment_B/20260821T041718Z_seed1234/target_wotl_candidates/WOTL_lr1e-4/access_log.json","access_log.json",".json","OTHER_IN_SCOPE","3529","4ef606aac5878ec063024a37f3f51be8213952999da63b0e88fbc98f5279b1a4","UNTRACKED","UNTRACKED","2026-08-21T04:32:47.5588639Z","Experiment_B_Linear_Formal","20260821T041718Z_seed1234","WOTL_lr1e-4","TRUE","D006","4","NOT_APPLICABLE_DISTINCT_LOGICAL_ROLES","KEEP_IN_REPOSITORY_ARCHIVE_ONLY","Exact bytes recur in separate pre-registered candidate directories; the logical candidate roles are distinct and are referenced by the preserved B2 run manifest.","FALSE","Byte identity does not make either candidate-role record disposable; no single canonical path applies."
"notebook/執行紀錄/Phase_IV_B_Audit_20260821T041718Z_seed1234/reports/Solar Energy Result/Linear_Formal/Experiment_B/20260821T041718Z_seed1234/target_wotl_candidates/WOTL_lr1e-4/best_checkpoint.json","best_checkpoint.json",".json","OTHER_IN_SCOPE","560","a6921950601cc2b2cb9c57e8bfbf7d92a6bbd9b68d4d16caf27a6e39e5d5d4de","UNTRACKED","UNTRACKED","2026-08-21T04:32:47.6108638Z","Experiment_B_Linear_Formal","20260821T041718Z_seed1234","WOTL_lr1e-4","TRUE","","1","notebook/執行紀錄/Phase_IV_B_Audit_20260821T041718Z_seed1234/reports/Solar Energy Result/Linear_Formal/Experiment_B/20260821T041718Z_seed1234/target_wotl_candidates/WOTL_lr1e-4/best_checkpoint.json","KEEP_IN_REPOSITORY_ARCHIVE_ONLY","Historical protocol, audit, or execution evidence belongs in the repository evidence layer rather than the active workflow surface.","FALSE","Preserved in place; recommendation does not move or modify the artifact."
"notebook/執行紀錄/Phase_IV_B_Audit_20260821T041718Z_seed1234/reports/Solar Energy Result/Linear_Formal/Experiment_B/20260821T041718Z_seed1234/target_wotl_candidates/WOTL_lr1e-4/candidate_manifest.json","candidate_manifest.json",".json","OTHER_IN_SCOPE","559","0d07d4e5284d0a46650abd2de0bf056e391581e768a8d16aee28a1310fe47f7c","UNTRACKED","UNTRACKED","2026-08-21T04:32:47.6618643Z","Experiment_B_Linear_Formal","20260821T041718Z_seed1234","WOTL_lr1e-4","TRUE","","1","notebook/執行紀錄/Phase_IV_B_Audit_20260821T041718Z_seed1234/reports/Solar Energy Result/Linear_Formal/Experiment_B/20260821T041718Z_seed1234/target_wotl_candidates/WOTL_lr1e-4/candidate_manifest.json","KEEP_IN_REPOSITORY_ARCHIVE_ONLY","Historical protocol, audit, or execution evidence belongs in the repository evidence layer rather than the active workflow surface.","FALSE","Preserved in place; recommendation does not move or modify the artifact."
"notebook/執行紀錄/Phase_IV_B_Audit_20260821T041718Z_seed1234/reports/Solar Energy Result/Linear_Formal/Experiment_B/20260821T041718Z_seed1234/target_wotl_candidates/WOTL_lr1e-4/history.csv","history.csv",".csv","OTHER_IN_SCOPE","124051","8ab58ae3cf0950948c0e3f3afa72e3c0848a026ec538cb0c0ef0e26a374917df","UNTRACKED","UNTRACKED","2026-08-21T04:32:47.7138642Z","Experiment_B_Linear_Formal","20260821T041718Z_seed1234","WOTL_lr1e-4","TRUE","","1","notebook/執行紀錄/Phase_IV_B_Audit_20260821T041718Z_seed1234/reports/Solar Energy Result/Linear_Formal/Experiment_B/20260821T041718Z_seed1234/target_wotl_candidates/WOTL_lr1e-4/history.csv","KEEP_IN_REPOSITORY_ARCHIVE_ONLY","Historical protocol, audit, or execution evidence belongs in the repository evidence layer rather than the active workflow surface.","FALSE","Preserved in place; recommendation does not move or modify the artifact."
"notebook/執行紀錄/Phase_IV_B_Audit_20260821T041718Z_seed1234/reports/Solar Energy Result/Linear_Formal/Experiment_B/20260821T041718Z_seed1234/target_wotl_candidates/WOTL_lr1e-4/learning_rate_history.csv","learning_rate_history.csv",".csv","OTHER_IN_SCOPE","13413","07560ab0de6de47503dee321e1e52be31cb6140b43f064c2003534f79a722be1","UNTRACKED","UNTRACKED","2026-08-21T04:32:47.7658637Z","Experiment_B_Linear_Formal","20260821T041718Z_seed1234","WOTL_lr1e-4","TRUE","D002","2","NOT_APPLICABLE_DISTINCT_LOGICAL_ROLES","KEEP_IN_REPOSITORY_ARCHIVE_ONLY","Exact bytes recur in separate pre-registered candidate directories; the logical candidate roles are distinct and are referenced by the preserved B2 run manifest.","FALSE","Byte identity does not make either candidate-role record disposable; no single canonical path applies."
"notebook/執行紀錄/Phase_IV_B_Audit_20260821T041718Z_seed1234/reports/Solar Energy Result/Linear_Formal/Experiment_B/20260821T041718Z_seed1234/target_wotl_candidates/WOTL_lr1e-4/validation_metrics_original_scale.json","validation_metrics_original_scale.json",".json","OTHER_IN_SCOPE","406","a820ec3bec01f22414eb0d77e45e215ff0919bc90502d420ccbff5609c87066d","UNTRACKED","UNTRACKED","2026-08-21T04:32:47.8188634Z","Experiment_B_Linear_Formal","20260821T041718Z_seed1234","WOTL_lr1e-4","TRUE","","1","notebook/執行紀錄/Phase_IV_B_Audit_20260821T041718Z_seed1234/reports/Solar Energy Result/Linear_Formal/Experiment_B/20260821T041718Z_seed1234/target_wotl_candidates/WOTL_lr1e-4/validation_metrics_original_scale.json","KEEP_IN_REPOSITORY_ARCHIVE_ONLY","Historical protocol, audit, or execution evidence belongs in the repository evidence layer rather than the active workflow surface.","FALSE","Preserved in place; recommendation does not move or modify the artifact."
"notebook/執行紀錄/Phase_IV_B_Audit_20260821T041718Z_seed1234/reports/Solar Energy Result/Linear_Formal/Experiment_B/20260821T041718Z_seed1234/target_wotl_candidates/WOTL_lr3e-5/access_log.json","access_log.json",".json","OTHER_IN_SCOPE","3529","4ef606aac5878ec063024a37f3f51be8213952999da63b0e88fbc98f5279b1a4","UNTRACKED","UNTRACKED","2026-08-21T04:32:47.8748637Z","Experiment_B_Linear_Formal","20260821T041718Z_seed1234","WOTL_lr3e-5","TRUE","D006","4","NOT_APPLICABLE_DISTINCT_LOGICAL_ROLES","KEEP_IN_REPOSITORY_ARCHIVE_ONLY","Exact bytes recur in separate pre-registered candidate directories; the logical candidate roles are distinct and are referenced by the preserved B2 run manifest.","FALSE","Byte identity does not make either candidate-role record disposable; no single canonical path applies."
"notebook/執行紀錄/Phase_IV_B_Audit_20260821T041718Z_seed1234/reports/Solar Energy Result/Linear_Formal/Experiment_B/20260821T041718Z_seed1234/target_wotl_candidates/WOTL_lr3e-5/best_checkpoint.json","best_checkpoint.json",".json","OTHER_IN_SCOPE","559","221c7439e26cc97554bbc791f8b56714d8a3b5bd7fd406d95df012259926ef7b","UNTRACKED","UNTRACKED","2026-08-21T04:32:47.9277650Z","Experiment_B_Linear_Formal","20260821T041718Z_seed1234","WOTL_lr3e-5","TRUE","","1","notebook/執行紀錄/Phase_IV_B_Audit_20260821T041718Z_seed1234/reports/Solar Energy Result/Linear_Formal/Experiment_B/20260821T041718Z_seed1234/target_wotl_candidates/WOTL_lr3e-5/best_checkpoint.json","KEEP_IN_REPOSITORY_ARCHIVE_ONLY","Historical protocol, audit, or execution evidence belongs in the repository evidence layer rather than the active workflow surface.","FALSE","Preserved in place; recommendation does not move or modify the artifact."
"notebook/執行紀錄/Phase_IV_B_Audit_20260821T041718Z_seed1234/reports/Solar Energy Result/Linear_Formal/Experiment_B/20260821T041718Z_seed1234/target_wotl_candidates/WOTL_lr3e-5/candidate_manifest.json","candidate_manifest.json",".json","OTHER_IN_SCOPE","558","09fd703f9ca318bdf095f87d836c0ecc050fa73ca96f42961c0e5e70938c472f","UNTRACKED","UNTRACKED","2026-08-21T04:32:47.9793180Z","Experiment_B_Linear_Formal","20260821T041718Z_seed1234","WOTL_lr3e-5","TRUE","","1","notebook/執行紀錄/Phase_IV_B_Audit_20260821T041718Z_seed1234/reports/Solar Energy Result/Linear_Formal/Experiment_B/20260821T041718Z_seed1234/target_wotl_candidates/WOTL_lr3e-5/candidate_manifest.json","KEEP_IN_REPOSITORY_ARCHIVE_ONLY","Historical protocol, audit, or execution evidence belongs in the repository evidence layer rather than the active workflow surface.","FALSE","Preserved in place; recommendation does not move or modify the artifact."
"notebook/執行紀錄/Phase_IV_B_Audit_20260821T041718Z_seed1234/reports/Solar Energy Result/Linear_Formal/Experiment_B/20260821T041718Z_seed1234/target_wotl_candidates/WOTL_lr3e-5/history.csv","history.csv",".csv","OTHER_IN_SCOPE","124259","718939b7b55c2750392908bf47ef4897fc77f95265dd0047ea887a949617fe3e","UNTRACKED","UNTRACKED","2026-08-21T04:32:48.0297040Z","Experiment_B_Linear_Formal","20260821T041718Z_seed1234","WOTL_lr3e-5","TRUE","","1","notebook/執行紀錄/Phase_IV_B_Audit_20260821T041718Z_seed1234/reports/Solar Energy Result/Linear_Formal/Experiment_B/20260821T041718Z_seed1234/target_wotl_candidates/WOTL_lr3e-5/history.csv","KEEP_IN_REPOSITORY_ARCHIVE_ONLY","Historical protocol, audit, or execution evidence belongs in the repository evidence layer rather than the active workflow surface.","FALSE","Preserved in place; recommendation does not move or modify the artifact."
"notebook/執行紀錄/Phase_IV_B_Audit_20260821T041718Z_seed1234/reports/Solar Energy Result/Linear_Formal/Experiment_B/20260821T041718Z_seed1234/target_wotl_candidates/WOTL_lr3e-5/learning_rate_history.csv","learning_rate_history.csv",".csv","OTHER_IN_SCOPE","13913","0d1a298d4d9941d59fccb07ccd19589c69187375f3576b5d0962ebaf3fa747d8","UNTRACKED","UNTRACKED","2026-08-21T04:32:48.0812787Z","Experiment_B_Linear_Formal","20260821T041718Z_seed1234","WOTL_lr3e-5","TRUE","D003","2","NOT_APPLICABLE_DISTINCT_LOGICAL_ROLES","KEEP_IN_REPOSITORY_ARCHIVE_ONLY","Exact bytes recur in separate pre-registered candidate directories; the logical candidate roles are distinct and are referenced by the preserved B2 run manifest.","FALSE","Byte identity does not make either candidate-role record disposable; no single canonical path applies."
"notebook/執行紀錄/Phase_IV_B_Audit_20260821T041718Z_seed1234/reports/Solar Energy Result/Linear_Formal/Experiment_B/20260821T041718Z_seed1234/target_wotl_candidates/WOTL_lr3e-5/validation_metrics_original_scale.json","validation_metrics_original_scale.json",".json","OTHER_IN_SCOPE","405","3ebe46e86886615624563699ead1ba43d65c15b0ff5784a2513929f7ce5bab47","UNTRACKED","UNTRACKED","2026-08-21T04:32:48.1335336Z","Experiment_B_Linear_Formal","20260821T041718Z_seed1234","WOTL_lr3e-5","TRUE","","1","notebook/執行紀錄/Phase_IV_B_Audit_20260821T041718Z_seed1234/reports/Solar Energy Result/Linear_Formal/Experiment_B/20260821T041718Z_seed1234/target_wotl_candidates/WOTL_lr3e-5/validation_metrics_original_scale.json","KEEP_IN_REPOSITORY_ARCHIVE_ONLY","Historical protocol, audit, or execution evidence belongs in the repository evidence layer rather than the active workflow surface.","FALSE","Preserved in place; recommendation does not move or modify the artifact."
"notebook/bagging.sh","bagging.sh",".sh","OTHER_IN_SCOPE","239","ba24e154b4abee4f6befc4a965f58c04b4bcf6900b04d58f427b1c26ff1a3fad","TRACKED_CLEAN","TRACKED","2024-11-04T10:42:15.5178439Z","LEGACY_ANALYSIS_OR_GOVERNANCE","","","FALSE","","1","notebook/bagging.sh","KEEP_IN_PROJECT","Tracked notebook-support source, script, or figure in the active project tree; no exact duplicate in scope.","FALSE","Preserved in place."
"notebook/SolarEnergy_directory_structure.txt","SolarEnergy_directory_structure.txt",".txt","OTHER_IN_SCOPE","7733","f42f11aa463b0718b9de7329625765c3a55f65c7c12abf8b609f004e6dc41d27","UNTRACKED","UNTRACKED","2026-09-01T09:22:17.4933349Z","LEGACY_ANALYSIS_OR_GOVERNANCE","","","FALSE","","1","notebook/SolarEnergy_directory_structure.txt","KEEP_IN_REPOSITORY_ARCHIVE_ONLY","Historical protocol, audit, or execution evidence belongs in the repository evidence layer rather than the active workflow surface.","FALSE","Preserved in place; recommendation does not move or modify the artifact."
"notebook/Without Transfer vs With Transfer.png","Without Transfer vs With Transfer.png",".png","OTHER_IN_SCOPE","15788","352905defebcc851cdb7666f4291843b4c2b77da06e2334a9caceaf49c78662e","TRACKED_CLEAN","TRACKED","2025-07-02T10:50:50.6014183Z","LEGACY_ANALYSIS_OR_GOVERNANCE","","","FALSE","","1","notebook/Without Transfer vs With Transfer.png","KEEP_IN_PROJECT","Tracked notebook-support source, script, or figure in the active project tree; no exact duplicate in scope.","FALSE","Preserved in place."
"preprocess/.ipynb_checkpoints/資料切分-checkpoint.png","資料切分-checkpoint.png",".png","OTHER_IN_SCOPE","24553","f244d7822ed3f7bc392dc155c46cfea33a8eb40dab5a9db39bb0a1b6167c082a","TRACKED_CLEAN","TRACKED","2025-06-26T06:31:36.3117054Z","DATA_PREPROCESSING","","","FALSE","","1","UNRESOLVED","NEEDS_REVIEW","Notebook autosave/checkpoint-area artifact has no exact-SHA active counterpart in scope; provenance value versus generated-state status requires human review.","TRUE","No conclusion based on filename similarity alone."
"preprocess/.ipynb_checkpoints/觀察各池塘資料量(資料處理後)-checkpoint.ipynb","觀察各池塘資料量(資料處理後)-checkpoint.ipynb",".ipynb","NOTEBOOK","191128","2ebd8acb3cfa15e178af569bc569008c578ae2ac91085f2fab9de252f7daeaa1","TRACKED_CLEAN","TRACKED","2024-12-07T05:51:43.7046603Z","DATA_PREPROCESSING","","","FALSE","","1","UNRESOLVED","NEEDS_REVIEW","Notebook autosave/checkpoint-area artifact has no exact-SHA active counterpart in scope; provenance value versus generated-state status requires human review.","TRUE","No conclusion based on filename similarity alone."
"preprocess/Plant1第一號發電機組/.ipynb_checkpoints/Plant_1_Weather_Sensor_Data-checkpoint.csv","Plant_1_Weather_Sensor_Data-checkpoint.csv",".csv","OTHER_IN_SCOPE","287847","91325041328745c288cb809aebd8b1b59cde54284500902ead1fb393499d6806","TRACKED_CLEAN","TRACKED","2020-08-18T07:52:06.0000000Z","DATA_PREPROCESSING","","","FALSE","","1","UNRESOLVED","NEEDS_REVIEW","Notebook autosave/checkpoint-area artifact has no exact-SHA active counterpart in scope; provenance value versus generated-state status requires human review.","TRUE","No conclusion based on filename similarity alone."
"preprocess/Plant1第一號發電機組/.ipynb_checkpoints/Plant1 LSTM Prediction (Combine Generation & Weather)-checkpoint.ipynb","Plant1 LSTM Prediction (Combine Generation & Weather)-checkpoint.ipynb",".ipynb","NOTEBOOK","2203361","a943fb1a6275247a0c4aa9dfea5af4edfa3bcb21000647c438875a44455b4709","TRACKED_CLEAN","TRACKED","2025-06-27T07:48:09.1475580Z","DATA_PREPROCESSING","","","FALSE","","1","UNRESOLVED","NEEDS_REVIEW","Notebook autosave/checkpoint-area artifact has no exact-SHA active counterpart in scope; provenance value versus generated-state status requires human review.","TRUE","No conclusion based on filename similarity alone."
"preprocess/Plant1第一號發電機組/Plant1 LSTM Prediction (Combine Generation & Weather).ipynb","Plant1 LSTM Prediction (Combine Generation & Weather).ipynb",".ipynb","NOTEBOOK","3607679","da2df77cfb2b95d3c7dc7e7a86c17f498e2e2e7b98ab8828431651cc8641efde","TRACKED_CLEAN","TRACKED","2025-06-27T07:50:56.6903637Z","DATA_PREPROCESSING","","","FALSE","","1","preprocess/Plant1第一號發電機組/Plant1 LSTM Prediction (Combine Generation & Weather).ipynb","KEEP_IN_PROJECT","Active non-checkpoint notebook path; no exact duplicate in the scoped set.","FALSE","Notebook was not executed or rewritten."
"preprocess/Plant2第二號發電機組/.ipynb_checkpoints/Plant2 LSTM Prediction (Combine Generation & Weather)-checkpoint.ipynb","Plant2 LSTM Prediction (Combine Generation & Weather)-checkpoint.ipynb",".ipynb","NOTEBOOK","3481316","24e7a91e8f96415b45d0cf180748f4c11420b7fe91f2e38440f4f27b844ef2c6","TRACKED_CLEAN","TRACKED","2025-06-27T08:44:18.6913557Z","DATA_PREPROCESSING","","","FALSE","D004","2","preprocess/Plant2第二號發電機組/Plant2 LSTM Prediction (Combine Generation & Weather).ipynb","DUPLICATE_CANDIDATE_PENDING_HUMAN_APPROVAL","SHA256 is exactly identical to the selected canonical candidate; no deletion or relocation is authorized in Step 6.","TRUE","Pending human decision; canonical candidate: preprocess/Plant2第二號發電機組/Plant2 LSTM Prediction (Combine Generation & Weather).ipynb."
"preprocess/Plant2第二號發電機組/Plant2 LSTM Prediction (Combine Generation & Weather).ipynb","Plant2 LSTM Prediction (Combine Generation & Weather).ipynb",".ipynb","NOTEBOOK","3481316","24e7a91e8f96415b45d0cf180748f4c11420b7fe91f2e38440f4f27b844ef2c6","TRACKED_CLEAN","TRACKED","2025-06-27T08:44:18.6913557Z","DATA_PREPROCESSING","","","FALSE","D004","2","preprocess/Plant2第二號發電機組/Plant2 LSTM Prediction (Combine Generation & Weather).ipynb","KEEP_IN_PROJECT","Exact-duplicate canonical candidate is the active non-checkpoint notebook path.","FALSE","Canonical active notebook retained in its current project role."
"preprocess/Solar Power Generation Data.zip","Solar Power Generation Data.zip",".zip","ARCHIVE","1988756","fecbfdd22aca74bd5e89c56e7ef5de4a06a02e00bc5125e6fd64ff3855690c32","TRACKED_CLEAN","TRACKED","2025-06-09T06:56:16.9401958Z","DATA_PREPROCESSING","","","FALSE","","1","preprocess/Solar Power Generation Data.zip","KEEP_IN_PROJECT","Tracked source-dataset archive with historical project-inventory provenance; not an exact duplicate in the scoped set.","FALSE","No extraction or rewriting performed."
"reports/.ipynb_checkpoints/已條狀圖來表達模型性能-checkpoint.ipynb","已條狀圖來表達模型性能-checkpoint.ipynb",".ipynb","NOTEBOOK","76532","0622104cd991681432cb340160e1391187022aae89ebfdf95efd283401e041f7","TRACKED_CLEAN","TRACKED","2024-12-22T08:08:57.8706286Z","LEGACY_RESULT_ANALYSIS","","","FALSE","D001","2","reports/已條狀圖來表達模型性能.ipynb","DUPLICATE_CANDIDATE_PENDING_HUMAN_APPROVAL","SHA256 is exactly identical to the selected canonical candidate; no deletion or relocation is authorized in Step 6.","TRUE","Pending human decision; canonical candidate: reports/已條狀圖來表達模型性能.ipynb."
"reports/已條狀圖來表達模型性能.ipynb","已條狀圖來表達模型性能.ipynb",".ipynb","NOTEBOOK","76532","0622104cd991681432cb340160e1391187022aae89ebfdf95efd283401e041f7","TRACKED_CLEAN","TRACKED","2024-12-22T08:08:57.8706286Z","LEGACY_RESULT_ANALYSIS","","","FALSE","D001","2","reports/已條狀圖來表達模型性能.ipynb","KEEP_IN_PROJECT","Exact-duplicate canonical candidate is the active non-checkpoint notebook path.","FALSE","Canonical active notebook retained in its current project role."
"transfer-learning-LSTM-master.zip","transfer-learning-LSTM-master.zip",".zip","ARCHIVE","111980488","cc976b837a65bd685d6527890e61880faf83591a05d9b8d1c6656bcd90e20bf4","IGNORED","IGNORED","2024-11-11T03:30:57.9413248Z","UPSTREAM_CODE_SNAPSHOT","","","FALSE","","1","transfer-learning-LSTM-master.zip","KEEP_EXTERNAL_ARCHIVE_ONLY","Large ignored upstream-code snapshot; not required as an active working-tree artifact and not an exact duplicate in the scoped set.","FALSE","Recommendation only; no move, copy, or deletion performed. External-retention execution requires a later approved step."
