epoch,loss,lr,mae,mape,mse,msle,rmse,val_loss,val_mae,val_mape,val_mse,val_msle,val_rmse
0,0.15771493666312275,1e-05,0.12873934,3321061.2,0.045246806,0.016610561,0.21135253,0.2602667212486267,0.26679113507270813,2140235.75,0.1525348573923111,0.05852413922548294,0.3884613811969757
1,0.15293943531372967,1e-05,0.119150445,3409549.8,0.04054243,0.014876672,0.2001695,0.25320982933044434,0.24377252161502838,3169821.5,0.13762538135051727,0.05271264165639877,0.37035462260246277
2,0.1460565670448191,1e-05,0.109770015,5370244.0,0.033730544,0.01267803,0.18280788,0.21373407542705536,0.21762707829475403,5412597.0,0.12143893539905548,0.047006454318761826,0.3462253510951996
3,0.13883336852578557,1e-05,0.101001166,9447701.0,0.026573274,0.010787163,0.16131963,0.2275545597076416,0.19480225443840027,9321705.0,0.10467807948589325,0.04169926792383194,0.32113224267959595
4,0.13227106981417713,1e-05,0.09180124,13375968.0,0.02006901,0.008881831,0.14013067,0.19464370608329773,0.17676562070846558,15045441.0,0.08275121450424194,0.03531455248594284,0.28739333152770996
5,0.1283993471194716,1e-05,0.087855026,17995296.0,0.016261026,0.008134869,0.12529871,0.18101178109645844,0.16607677936553955,16754966.0,0.06968800723552704,0.031046444550156593,0.2547450661659241
6,0.12642239472445319,1e-05,0.082988285,17973344.0,0.014351625,0.0072904057,0.11719523,0.14991647005081177,0.16191990673542023,13842158.0,0.06993699073791504,0.030802836641669273,0.2611315846443176
7,0.12413007064777262,1e-05,0.07604898,16104410.0,0.012123632,0.0059739067,0.10837259,0.1602034568786621,0.15640011429786682,13491132.0,0.06421586871147156,0.02865399420261383,0.2510901689529419
8,0.12256853063316907,1e-05,0.07280284,15847349.0,0.010622171,0.0053044045,0.10165315,0.19877250492572784,0.15701961517333984,12940660.0,0.06344956904649734,0.02895926870405674,0.25012046098709106
9,0.1243178318528568,1e-05,0.077504285,16123264.0,0.012429588,0.006256605,0.10874626,0.14410500228405,0.1464318335056305,11578840.0,0.05952269583940506,0.02664383500814438,0.23221036791801453
10,0.12241847462513868,1e-05,0.07239407,16379398.0,0.0105872145,0.005409466,0.100010306,0.16802670061588287,0.14161603152751923,12217769.0,0.05160417780280113,0.024029390886425972,0.22680358588695526
11,0.12153477002592648,1e-05,0.07006249,15992794.0,0.009758223,0.0049362583,0.09722549,0.14454075694084167,0.13463445007801056,11372195.0,0.049456916749477386,0.022868016734719276,0.21735437214374542
12,0.12169381976127625,1e-05,0.070397556,15217978.0,0.009971507,0.005025446,0.097298875,0.1726856231689453,0.13489748537540436,10909448.0,0.048270754516124725,0.02243098057806492,0.21770666539669037
13,0.12122712897903778,1e-05,0.06876207,14536715.0,0.009559391,0.0047875145,0.09555859,0.1663282811641693,0.12861040234565735,10865588.0,0.04502905532717705,0.02111559547483921,0.21171125769615173
14,0.12102651902857949,5e-06,0.06856967,14194830.0,0.009399673,0.004729428,0.094300166,0.1678352653980255,0.1319139152765274,10533624.0,0.046277258545160294,0.02166799083352089,0.21288487315177917
15,0.1200443536919706,5e-06,0.06593536,15321641.0,0.008444317,0.0042983666,0.09079787,0.16956527531147003,0.12677371501922607,10873071.0,0.042382754385471344,0.02008814737200737,0.20095252990722656
16,0.1202083177426282,5e-06,0.06696892,15339047.0,0.008636433,0.0044790795,0.09119848,0.13796845078468323,0.12648671865463257,10818838.0,0.041996583342552185,0.019937047734856606,0.1973365694284439
17,0.12075695789912168,5e-06,0.06825026,15742668.0,0.009213369,0.004718732,0.09407864,0.16524361073970795,0.12799817323684692,10514655.0,0.04192792996764183,0.019934460520744324,0.20243971049785614
18,0.1213009567821727,5e-06,0.07041895,15613003.0,0.009784779,0.00512063,0.09683726,0.15378889441490173,0.12315615266561508,10874842.0,0.038360532373189926,0.018521927297115326,0.19559107720851898
19,0.11950394993319231,5e-06,0.06386153,13816264.0,0.008015507,0.0041654557,0.088655934,0.1529473513364792,0.12767739593982697,10064789.0,0.04116490110754967,0.019674774259328842,0.20266005396842957
20,0.11963734907262466,5e-06,0.065303296,15660467.0,0.0081782285,0.0043101944,0.08824009,0.14746612310409546,0.1264117956161499,10685406.0,0.04074065387248993,0.019626755267381668,0.20023342967033386
21,0.11938734045800041,2.5e-06,0.06476305,14498552.0,0.007950407,0.004084926,0.08840916,0.15433846414089203,0.12594549357891083,10266036.0,0.03969768434762955,0.019200528040528297,0.1977774202823639
22,0.11924285704598707,2.5e-06,0.06311241,15542648.0,0.007820841,0.0041019307,0.08723595,0.12704838812351227,0.12088076025247574,10550329.0,0.03763926401734352,0.018196020275354385,0.18981267511844635
23,0.11959893037291135,2.5e-06,0.06416199,14303279.0,0.008192102,0.00419498,0.08955894,0.1384795904159546,0.12399576604366302,10161977.0,0.039341360330581665,0.018910061568021774,0.1971929371356964
24,0.12262499420081868,2.5e-06,0.07461653,15374089.0,0.01123302,0.0059170667,0.102962494,0.13983605802059174,0.12177763879299164,10181590.0,0.03860151767730713,0.018567442893981934,0.19381779432296753
25,0.11961602200480069,2.5e-06,0.06524256,13676143.0,0.0082380995,0.0042783925,0.088249974,0.13617558777332306,0.1208520382642746,9999253.0,0.037958189845085144,0.01830724999308586,0.19120639562606812
26,0.11940834627431982,2.5e-06,0.06472898,14986765.0,0.0080448445,0.004183045,0.08835623,0.15584048628807068,0.12165742367506027,10059889.0,0.037176452577114105,0.018004238605499268,0.19006171822547913
27,0.11965575770420186,1.25e-06,0.065530226,15498973.0,0.008303157,0.004324884,0.0898715,0.13951276242733002,0.1196814626455307,10483041.0,0.036603786051273346,0.017769701778888702,0.1896621733903885
28,0.11986774732084836,1.25e-06,0.06697435,15601697.0,0.008522542,0.0044250037,0.09018079,0.15434901416301727,0.11963213980197906,10402547.0,0.03654351085424423,0.017743995413184166,0.1904909610748291
29,0.12059169744744021,1.25e-06,0.067756794,16110148.0,0.009253958,0.004988732,0.09361241,0.14255499839782715,0.1222236156463623,10113565.0,0.03718368709087372,0.017993561923503876,0.19256103038787842
30,0.11972347340163063,1.25e-06,0.06534799,14663352.0,0.008393116,0.0043208934,0.09016913,0.15352119505405426,0.11869867146015167,10168254.0,0.03601741045713425,0.017525799572467804,0.189199298620224
31,0.11943051744909848,6.25e-07,0.06498499,15065064.0,0.008105842,0.0042866343,0.08851681,0.16740034520626068,0.12217631936073303,10261369.0,0.03749524801969528,0.018301526084542274,0.19098924100399017
32,0.12212792564840878,6.25e-07,0.07264614,14649919.0,0.010806932,0.0055651898,0.09847347,0.1305667906999588,0.11970307677984238,10275390.0,0.03625865280628204,0.01764455810189247,0.18718305230140686
