True,Predicted
0.0,0.040191066
0.0,0.0409275
0.0,0.04174649
0.0,0.042638674
0.0,0.04356779
0.0,0.04472571
0.0,0.046183404
0.0,0.04800791
0.0,0.050169718
0.0,0.052521475
0.0,0.055097252
0.0,0.057982817
0.0,0.061278995
0.0,0.06525259
0.0,0.070138425
0.0,0.07574161
0.0,0.081590764
0.0,0.08744663
0.0,0.093699686
0.0,0.100740634
0.0031516551421973127,0.108998336
0.02054641963615286,0.11926681
0.05108472562453035,0.13293386
0.09576102672671394,0.15214242
0.1383094284611773,0.17792495
0.14907519377035797,0.20632902
0.1459142796632445,0.23226893
0.1485121486116463,0.25265658
0.21688393596016106,0.27590752
0.3409978999472799,0.3200808
0.3750933165129451,0.38147277
0.3094472117845272,0.4244912
0.5539577155316449,0.50206566
0.3305905863398321,0.5324705
0.2559805205529767,0.5145463
0.539811437124731,0.53553003
0.6122552016912107,0.597046
0.5309350679574885,0.6299092
0.43187459694454156,0.6484516
0.37841700937311723,0.6293215
0.6481885026571202,0.62779385
0.5362360793877975,0.6370018
0.5198712512869238,0.6459992
0.5608799035852067,0.6391861
0.5212512565379167,0.62883687
0.7010468694054741,0.6473978
0.6619588070474571,0.6622662
0.7005445551006988,0.68435204
0.4343457513563048,0.6536339
0.5009087533660382,0.6078182
0.5873244289576831,0.5660094
0.5719269943675129,0.54551375
0.7440970159248724,0.5504414
0.8691215970002709,0.60435104
0.47803234978340736,0.58541
0.5376219984378634,0.5413557
0.43020448115836146,0.4707972
0.4792139023702143,0.39924815
0.5584651034779353,0.3633436
0.3597643585221831,0.3332021
0.36502805529194,0.29527918
0.3328218198335031,0.26283124
0.3481647758104684,0.23361562
0.2601785393046691,0.20213543
0.16697042074641383,0.17323443
0.1663177526986573,0.14808217
0.08780701064824246,0.123571865
0.03810575492470754,0.101782374
0.02176038062418282,0.087376066
0.007356774426781444,0.07893885
0.0,0.07243158
0.0,0.06788495
0.0,0.06383061
0.0,0.06028996
0.0,0.057726815
0.0,0.057324175
0.0,0.057373438
0.0,0.056143478
0.0,0.054742668
0.0,0.052846905
0.0,0.051562328
0.0,0.05034099
0.0,0.048583165
0.0,0.04724966
0.0,0.04616965
0.0,0.04525543
0.0,0.044542365
0.0,0.043981824
0.0,0.04342746
0.0,0.042945623
0.0,0.042580247
0.0,0.04238394
0.0,0.042400554
0.0,0.042508744
0.0,0.042749144
0.0,0.043129075
0.0,0.043657362
0.0,0.044344693
0.0,0.045203645
0.0,0.046248782
0.0,0.04749693
0.0,0.048920404
0.0,0.050649025
0.0,0.05267006
0.0,0.054924197
0.0,0.057442784
0.0,0.06022302
0.0,0.063390344
0.0,0.06698966
0.0,0.07098733
0.0,0.075438656
0.0,0.08036981
0.0,0.08601131
0.0,0.09243485
0.0,0.09958
0.0,0.10720338
0.0037835751300012523,0.115690894
0.025006337916919735,0.12647733
0.05195538775605658,0.14058663
0.08308537203488472,0.15899317
0.1142477328648304,0.18100792
0.14500694005291123,0.20646803
0.18212479233326556,0.23567186
0.25205101204935926,0.27286774
0.3088891644751054,0.31798697
0.3520307856802315,0.36644706
0.43674502028879025,0.42345068
0.47664438779320745,0.48071402
0.4715238765725719,0.5239865
0.42686187212475685,0.54761744
0.4341351843654157,0.5591952
0.5390694647692685,0.58222735
0.5406481496848576,0.6016258
0.5251528686550663,0.6110188
0.6920272350303949,0.64623225
0.6124867357806053,0.67183435
0.593248439904623,0.6788724
0.5598099843702758,0.6778298
0.5273166609788226,0.65972185
0.6522060013053677,0.6526099
0.6637429216742959,0.66569513
0.55174810621969,0.6618672
0.7649670416400302,0.6817417
0.8209206335262915,0.71077335
0.64021855719057,0.70569825
0.7820462643246893,0.7000786
0.6208543989920624,0.6733345
0.5197063220830666,0.615525
0.4626515096762272,0.54920775
0.6283731636596392,0.5205182
0.5482684046405489,0.49176535
0.5368633201113303,0.46902916
0.5277387507113076,0.44653842
0.4368273952918081,0.41298357
0.37254204112904343,0.36066267
0.28392350630220364,0.30466568
0.2485093052173327,0.25227493
0.20971743045162597,0.20907152
0.19131865469988596,0.17906107
0.1629360767669948,0.15642092
0.14470091602927462,0.13913016
0.1179180498453154,0.124025024
0.08657917115940625,0.110389225
0.055308868616694616,0.09777032
0.02885663739400419,0.08692616
0.00926703812407121,0.078064695
0.0,0.07121599
0.0,0.066005126
0.0,0.061966807
0.0,0.058867306
0.0,0.056497954
0.0,0.054467756
0.0,0.052497167
0.0,0.0506258
0.0,0.048882935
0.0,0.047340706
0.0,0.046047464
0.0,0.045029197
0.0,0.044196542
0.0,0.043414142
0.0,0.042577177
0.0,0.041824397
0.0,0.041269112
0.0,0.040886637
0.0,0.040560238
0.0,0.040242296
0.0,0.039950553
0.0,0.039784275
0.0,0.039762877
0.0,0.039951295
0.0,0.040313233
0.0,0.040714838
0.0,0.04121575
0.0,0.04185669
0.0,0.04276159
0.0,0.04379486
0.0,0.04500985
0.0,0.046444565
0.0,0.048122253
0.0,0.05015585
0.0,0.05234312
0.0,0.054850843
0.0,0.057771485
0.0,0.061038814
0.0,0.06473432
0.0,0.06887642
0.0,0.073481426
0.0,0.07867312
0.0,0.08449217
0.0,0.090874866
0.0,0.097898304
0.0,0.10546495
0.00011331789295068301,0.113799214
0.008986222408183637,0.12334067
0.03332585447215594,0.13561937
0.064890472910702,0.15183485
0.10399834748946564,0.17296304
0.18066557805239453,0.2047616
0.20968893671009453,0.24288256
0.31576039830766156,0.29446566
0.37288784886209553,0.3538216
0.37997263644747825,0.40829217
0.4115033252314779,0.4542947
0.5512891597948539,0.51348
0.5671025313757415,0.5676232
0.47785355004127017,0.58573085
0.614143912894644,0.6169997
0.760357506329105,0.6681829
0.7237431032284606,0.7086857
0.7136212527978987,0.7359028
0.7532016934735325,0.7516714
0.8446818485333859,0.77096313
0.8132286961737125,0.7828952
0.9274302536613914,0.8131733
0.8993136173518089,0.83730507
0.7908691105892917,0.84333545
0.6007983863814109,0.81160235
0.7778410773222689,0.78090894
0.6143493426460357,0.7396066
0.7709626155041476,0.72566766
0.4322668429154599,0.6721203
0.4749359577806314,0.6078871
0.7535216357778245,0.5890246
0.62520217418185,0.5810605
0.653732238588876,0.5799243
0.42513384892831446,0.55090916
0.2925924147202047,0.4734608
0.7017539363843037,0.44405454
0.6817460704305421,0.45063576
0.5266231339611269,0.43521404
0.5829638704190426,0.42987305
0.30949123671088025,0.3742838
0.4687636868593837,0.32033527
0.3442473736653409,0.282364
0.31150354027956845,0.25434044
0.2739776360605464,0.22474869
0.14998372810754435,0.19305234
0.12283605834165927,0.15551277
0.10083966348852098,0.13115379
0.06435560289846771,0.11339166
0.023360271571270946,0.09869485
0.009633096136911904,0.08783215
0.0,0.07834368
0.0,0.07110687
0.0,0.06602783
0.0,0.062196825
0.0,0.059084576
0.0,0.056498513
0.0,0.05433847
0.0,0.052393284
0.0,0.05062396
0.0,0.049009655
0.0,0.047468275
0.0,0.047469597
0.0,0.048108954
0.0,0.0485006
0.0,0.048132654
0.0,0.046846308
0.0,0.04580345
0.0,0.04503774
0.0,0.04448848
0.0,0.04410442
0.0,0.04379026
0.0,0.043596644
0.0,0.04356186
0.0,0.04373218
0.0,0.043974735
0.0,0.044284865
0.0,0.044765547
0.0,0.045471624
0.0,0.046392314
0.0,0.047412466
0.0,0.048628435
0.0,0.05002788
0.0,0.05159385
0.0,0.053383145
0.0,0.055469595
0.0,0.058001086
0.0,0.06094878
0.0,0.06420534
0.0,0.06776822
0.0,0.0719451
0.0,0.07678752
0.0,0.082278125
0.0,0.08833089
0.0,0.09478184
0.0,0.10176787
0.0,0.1092404
0.0053235515561215465,0.1179967
0.028200504692230996,0.12928239
0.05496897467234537,0.14384553
0.08430689950466481,0.16215283
0.12406421641852469,0.18519624
0.1962266874014573,0.21687494
0.2539529247488517,0.257438
0.13049567886959512,0.28043735
0.09347334335682565,0.28573877
0.10162165849609349,0.28426453
0.13409037092716747,0.28591636
0.14161857376260015,0.29438853
0.13043869137984188,0.311538
0.12647148988946058,0.32631502
0.10987146393685648,0.33516198
0.11245800308299875,0.3407362
0.1288419066647003,0.3483137
0.16288554068650526,0.3615248
0.23588502290040592,0.3857137
0.4152698757975957,0.43833247
0.47240969156036633,0.5024104
0.5233884666483167,0.56334645
0.38374253219459287,0.58442336
0.45514260135716444,0.58921725
0.6018951865139912,0.6050135
0.6319567449504943,0.631568
0.6239760470994892,0.6508407
0.5849107040774835,0.6577209
0.5933170160431372,0.6509184
0.7232207776896227,0.655988
0.8335133158500038,0.68252695
0.9468809683182555,0.7290092
0.7059202953979089,0.73772377
0.3649337929693197,0.66929036
0.48483051538556865,0.5759131
0.46638986516496456,0.49182808
0.5746693232238432,0.44674826
0.5840833102222285,0.44235766
0.5540623718029345,0.44635338
0.5172902077859577,0.42765856
0.43560055139139936,0.3891554
0.312611212226136,0.32984778
0.2726577842624109,0.27223426
0.21319611653853243,0.22276802
0.16349257095726547,0.18304886
0.12224880045593214,0.15296389
0.08436018340105204,0.13080056
0.054099766100793055,0.11310911
0.031310623878040234,0.09963878
0.012193292011054282,0.08913249
5.979505052379214e-05,0.08059807
0.0,0.073895745
0.0,0.068755746
0.0,0.06474609
0.0,0.061479073
0.0,0.058733612
0.0,0.056236777
0.0,0.05399415
0.0,0.05206848
0.0,0.050420005
0.0,0.049035802
0.0,0.04777976
0.0,0.046526067
0.0,0.04553568
0.0,0.04474514
0.0,0.044121772
0.0,0.04356177
0.0,0.042967405
0.0,0.042481955
0.0,0.042062033
0.0,0.041773755
0.0,0.041649017
0.0,0.04163611
0.0,0.041772354
0.0,0.04199506
0.0,0.04230747
0.0,0.04274704
0.0,0.043357562
0.0,0.044171214
0.0,0.04509421
0.0,0.046160422
0.0,0.047400374
0.0,0.048890095
0.0,0.05068078
0.0,0.052748095
0.0,0.05510915
0.0,0.05780121
0.0,0.06086905
0.0,0.06435816
0.0,0.068242274
0.0,0.07258143
0.0,0.07743966
0.0,0.08287253
0.0,0.0889496
0.0,0.09575676
0.0,0.1034304
0.0,0.11203331
0.007073975497267692,0.121671505
0.012840404680469925,0.13201061
0.053330793388447484,0.1453446
0.1811299006594224,0.17112637
0.19464859984427693,0.20396286
0.19593452197381633,0.23891678
0.24072704808488427,0.27713856
0.13638139948139777,0.29594558
0.19873592904924173,0.3085023
0.3112243971501651,0.33773023
0.29293117369227467,0.36959714
0.41012893510202614,0.41506994
0.4537938376602555,0.4715294
0.6145708411924397,0.5519288
0.514819375942985,0.6051157
0.4761628614158774,0.631392
0.5764919671619655,0.6508477
0.5137491580371417,0.65522337
0.6140001299971494,0.66132915
0.7622323589298522,0.7081165
0.5316239356143854,0.71234614
0.29810968790493353,0.6595829
0.4049764754444363,0.61174846
0.5118432629839391,0.5854691
0.618710050523442,0.58971167
0.7255768380629448,0.63914526
0.8431286108625534,0.6997336
0.7219710552093658,0.7220313
0.567353837846824,0.7007256
0.5605920391059953,0.6543076
0.7409953193902648,0.6307426
0.6648812975747922,0.6107442
0.7015962351559761,0.6066219
0.747289748990494,0.6140293
0.7119994987100086,0.6086971
0.542564279392715,0.5619211
0.44506603022767127,0.49557617
0.4797683058411785,0.42971468
0.40021741265275523,0.36712357
0.4785340547506927,0.33183903
0.3894407436466991,0.30632564
0.2773181543547735,0.27711555
0.22402129061719273,0.24011773
0.16067139149346177,0.20201105
0.10971561450521188,0.16370821
0.07529200414240934,0.1347034
0.03222983090818318,0.112158105
6.021319773025222e-05,0.09727077
0.0,0.08831791
0.0,0.08217463
0.0,0.07687968
0.0,0.071851395
0.0,0.06796863
0.0,0.06451493
0.0,0.061493725
0.0,0.05888803
0.0,0.056267016
0.0,0.05353367
0.0,0.050868746
0.0,0.04868026
0.0,0.047120098
0.0,0.0459159
0.0,0.044922967
0.0,0.044072166
0.0,0.043330997
0.0,0.042692527
0.0,0.042170126
0.0,0.04175188
0.0,0.041562364
0.0,0.041520767
0.0,0.041584916
0.0,0.041750934
0.0,0.042030748
0.0,0.042414453
0.0,0.0427965
0.0,0.043261264
0.0,0.04383743
0.0,0.044640128
0.0,0.04564408
0.0,0.04678408
0.0,0.048266686
0.0,0.050011408
0.0,0.051992632
0.0,0.0542443
0.0,0.05668804
0.0,0.059514556
0.0,0.062617265
0.0,0.0661065
0.0,0.07009969
0.0,0.07463838
0.0,0.07982683
0.0,0.08561617
0.0,0.09198002
0.0,0.09902531
0.0,0.107217476
0.007445887569961822,0.11710056
0.03174758770879102,0.12905316
0.052147317323487236,0.14290895
0.07112636193681666,0.1590438
0.11949476349454692,0.18173814
0.18477960894708065,0.21412148
0.25248253996642606,0.25624174
0.31621504379410353,0.3074408
0.3841738809071477,0.36676842
0.4347480687071019,0.4271175
0.4991925577510159,0.48686054
0.5141408425032653,0.5360588
0.5790010296052379,0.58168215
0.6188673634736543,0.6225261
0.6419336775617945,0.6582343
0.7032446311853696,0.6926349
0.7506410794374649,0.7277419
0.8079128504828583,0.7604023
0.8045900138342869,0.78547174
0.8117421828212952,0.8011724
0.8467430753151944,0.8114925
0.8894105176049206,0.82202506
0.9230075106586632,0.8327696
0.9001644273937577,0.84033525
0.93140330924946,0.84704775
0.9440117616103686,0.85078317
0.9394725347716565,0.8497067
0.934891015320219,0.84501004
0.8508176211177837,0.8330544
0.8954169712077511,0.8157449
0.8507492141356546,0.7938368
0.8060814570635583,0.7666432
0.7614136999914618,0.7336721
0.7167459429193654,0.69639826
0.672078185847269,0.65255755
0.6274104287751724,0.60554796
0.582742671703076,0.55617666
0.5380749146309797,0.5054522
0.4934071575588832,0.4545046
0.4487394004867867,0.4044842
0.4040716434146903,0.35645485
0.35940388634259385,0.31130525
0.3147361292704974,0.26969123
0.27006837219840096,0.23201567
0.2254006151263045,0.19844183
0.1807328580542081,0.16893041
0.13606510098211164,0.14328909
0.11409039004552675,0.12308822
0.06094889787226556,0.105951086
0.026477081112718057,0.09160077
0.0037418798799665463,0.0800374
0.0,0.0713613
0.0,0.065263815
0.0,0.061425485
0.0,0.05864153
0.0,0.056316648
0.0,0.054092083
0.0,0.05201806
0.0,0.050301675
0.0,0.048818342
0.0,0.04748421
0.0,0.046224296
0.0,0.045037627
0.0,0.04404339
0.0,0.04320919
0.0,0.042524215
0.0,0.041934375
0.0,0.04143236
0.0,0.041044958
0.0,0.040760897
0.0,0.040592622
0.0,0.040499825
0.0,0.040511202
0.0,0.04073238
0.0,0.041060623
0.0,0.041761037
0.0,0.04291321
0.0,0.044530515
0.0,0.04665212
0.0,0.04919396
0.0,0.05207159
0.0,0.05532968
0.0,0.059019044
0.0,0.063197136
0.0,0.06792863
0.0,0.07328567
0.0,0.07934821
0.0,0.086203806
0.0,0.09394694
0.0,0.102678046
0.0,0.11250159
0.0,0.12352278
0.0,0.13584428
0.0,0.14956056
0.0,0.16475168
0.0,0.18147615
0.22201446873507286,0.19976297
0.2267595250145317,0.2196033
0.23150458129399057,0.24094373
0.23624963757344938,0.26368046
0.2409946938529082,0.28765693
0.24573975013236704,0.31266433
0.2504848064118259,0.33844694
0.2552298626912847,0.3647108
0.31559019248413495,0.39616153
0.41954118977674815,0.43198475
0.4769332080331612,0.47467765
0.5525812346628156,0.5307068
0.6022795832697478,0.5931129
0.6439371402942743,0.6507761
0.7231817107915648,0.70026916
0.736134597024409,0.7403074
0.4481778857222538,0.75819355
0.522560475437998,0.73748255
0.7084282228792721,0.74583673
0.7769375209472912,0.7553475
0.7610393849063343,0.76148707
0.9431893855450073,0.80368763
0.9192441857670706,0.84463674
0.8735188329899534,0.8531536
0.7889309385391311,0.8516376
0.8232157240862569,0.8442537
0.5821291888868725,0.79387176
0.7354456696661266,0.75360584
0.7440418085413,0.73578924
0.9459235506090147,0.7468446
0.782884529983896,0.74629766
0.7954132357415326,0.75157315
0.7389730400535653,0.7288919
0.604284121239335,0.6790411
0.5204760116171397,0.59155464
0.6098782140403779,0.5360984
0.7350063164151213,0.5185857
0.3801324682462136,0.46353132
0.5477782166382127,0.43030322
0.3923014678872594,0.38272828
0.28973449803372464,0.31272343
0.24950909517459804,0.2522437
0.3192059312922379,0.22463636
0.18162534535420474,0.18842892
0.07840337777084151,0.15621136
0.05586536281198308,0.12911911
0.043355294424951125,0.1086485
0.032087182975942964,0.093363844
0.022763575507986925,0.08547316
0.006008835092003264,0.07942784
0.0,0.07350604
0.0,0.068356395
0.0,0.0640938
0.0,0.061055936
0.0,0.058632415
0.0,0.05646056
0.0,0.05439201
0.0,0.052438155
0.0,0.050693683
0.0,0.049204774
0.0,0.047851156
0.0,0.046627067
0.0,0.045485295
0.0,0.04442295
0.0,0.04346782
0.0,0.0426179
0.0,0.041940715
0.0,0.041404594
0.0,0.040955037
0.0,0.040603552
0.0,0.040339377
0.0,0.040199213
0.0,0.040239114
0.0,0.040418934
0.0,0.040731315
0.0,0.041180715
0.0,0.041789334
0.0,0.042515498
0.0,0.04327366
0.0,0.04417563
0.0,0.045304522
0.0,0.046704777
0.0,0.048333284
0.0,0.050091453
0.0,0.05217856
0.0,0.054727618
0.0,0.057640955
0.0,0.060967848
0.0,0.0646702
0.0,0.06869843
0.0,0.073216684
0.0,0.078225575
0.0,0.083853364
0.0,0.09017236
0.0,0.09707639
0.0,0.10468353
0.016245616324365324,0.11399927
0.0419349081004471,0.1258813
0.0659191747744347,0.1407468
0.0874437801060007,0.15882187
0.11810968073220361,0.18032666
0.2603012953755112,0.2205775
0.33236370969973483,0.27818036
0.3221386963353646,0.33592778
0.37010221190749576,0.3925239
0.346669326086914,0.43367597
0.1922882185953019,0.42520666
0.2839637280860489,0.41552842
0.37575768871844695,0.42954805
0.41631207784060625,0.4544144
0.4727136248446255,0.4950065
0.39614143316389255,0.5264074
0.5066181353196991,0.5663232
0.6942943693921161,0.6152935
0.4193199899045308,0.6278652
0.6206815847328101,0.6635119
0.5945872277866883,0.69078577
0.5657097069289722,0.68930584
0.9365460220261294,0.73825437
0.9217856247765138,0.8053786
0.9494504829019528,0.84262305
0.7407873807823957,0.85041755
0.6950749905084657,0.83227813
0.8324430382160134,0.8079574
0.7861623062866567,0.78351504
0.8238137343363677,0.7666228
0.8054869396590473,0.75717235
0.662545825957038,0.72778314
0.7296750590124654,0.6950804
0.6182359611918996,0.64901525
0.7977204526139726,0.62941086
0.7706563525445068,0.6191752
0.7057928799896842,0.6049253
0.4759940494141422,0.5433574
0.31454388861439453,0.45332938
0.33498250591895706,0.35610467
0.23453655790109984,0.27649832
0.2043319333851501,0.22141157
0.16404040353925586,0.18815106
0.14200291078351948,0.1623753
0.1184996328679737,0.14213543
0.08798205503707983,0.12582634
0.05896664117228835,0.111044794
0.03769794192806527,0.09855352
0.020732515055197565,0.08809672
0.008226030787140267,0.07964391
0.0,0.0728521
0.0,0.06745204
0.0,0.063251846
0.0,0.059970733
0.0,0.057340488
0.0,0.055021923
0.0,0.05280582
0.0,0.050730698
0.0,0.048870366
0.0,0.04726576
0.0,0.04585564
0.0,0.04459193
0.0,0.043441474
0.0,0.043204162
0.0,0.04342045
0.0,0.04354735
0.0,0.04322446
0.0,0.042456176
0.0,0.042345896
0.0,0.042755067
0.0,0.04317826
0.0,0.043317072
0.0,0.04309554
0.0,0.042972
0.0,0.043185897
0.0,0.043590687
0.0,0.044205137
0.0,0.04489274
0.0,0.045667823
0.0,0.04653788
0.0,0.047567073
0.0,0.048888158
0.0,0.050453875
0.0,0.052281972
0.0,0.05439777
0.0,0.05689938
0.0,0.059802674
0.0,0.063030735
0.0,0.06653619
0.0,0.07044451
0.0,0.0750283
0.0,0.08031414
0.0,0.08624295
0.0,0.09268299
0.0,0.10003715
0.0,0.10859518
0.046024333164556494,0.11846547
0.047024862146394675,0.12969194
0.04802539112823286,0.14224428
0.04902592011007104,0.1558226
0.0748233805966529,0.17228147
0.15260975229560583,0.19738682
0.23536586327783968,0.2351025
0.2743862256194404,0.2821192
0.32570304285137736,0.3358762
0.48900368424087765,0.41116524
0.5777049524730689,0.49665856
0.5634868124814812,0.5635197
0.6043838194789845,0.6169433
0.653511994497472,0.6606557
0.5972497502547316,0.6818049
0.6717368807394716,0.70452994
0.6648697686608686,0.7228804
0.647394799547838,0.72823215
0.6434173235851522,0.7260102
0.7228011370787777,0.7476326
0.7700286538226663,0.76716685
0.9216773843280099,0.804308
0.9338929576498199,0.83696276
0.9463293126966407,0.8595283
0.9250362414815653,0.863016
0.9783418264953602,0.873673
0.8794791033042871,0.87054235
0.6615674212321039,0.83717245
0.7927135579972714,0.79768896
0.8568585341315431,0.7707903
0.8857271186415385,0.7584617
0.9214282283712845,0.7709579
0.7605162827443623,0.7635462
0.5934503452671607,0.7082431
0.5536200317866466,0.62507015
0.526025123727742,0.53689283
0.43609677264910246,0.4504984
0.5583876267683752,0.40247145
0.6574678462817867,0.39688784
0.5492286498277481,0.3893322
0.47830980837835546,0.37137944
0.43187832442582114,0.34689578
0.4058670593007651,0.3076007
0.29738384408601093,0.25702044
0.24388023643061724,0.2134005
0.20624071563442234,0.17733419
0.14952018205674691,0.1481385
0.11543108945576727,0.12536353
0.09589985159591351,0.10853599
0.04227318918913524,0.09374993
0.002399567611890571,0.08096793
0.0,0.07158035
0.0,0.06489056
0.0,0.060071155
0.0,0.05692595
0.0,0.0546434
0.0,0.05261565
0.0,0.050748944
0.0,0.048993837
0.0,0.047395248
0.0,0.045932148
0.0,0.044654764
0.0,0.043555327
0.0,0.042600606
0.0,0.041783586
0.0,0.0410388
0.0,0.04039599
0.0,0.03991526
0.0,0.039588507
0.0,0.03939879
0.0,0.039310176
0.0,0.039245058
0.0,0.03925261
0.0,0.039379954
0.0,0.03969762
0.0,0.04019879
0.0,0.040799662
0.0,0.041461904
0.0,0.042204168
0.0,0.043082472
0.0,0.044098996
0.0,0.045231868
0.0,0.04664566
0.0,0.04849311
0.0,0.05078408
0.0,0.05343167
0.0,0.05628627
0.0,0.05946611
0.0,0.06297922
0.0,0.06690056
0.0,0.07133034
0.0,0.076280564
0.0,0.081833504
0.0,0.08804799
0.0,0.09506764
0.0,0.102876395
0.007954653249880058,0.111932546
0.029457096783149915,0.122934505
0.05474269729914766,0.13656302
0.08772107144206623,0.1540887
0.12990710681075646,0.17915833
0.17924322046052932,0.21201994
0.23615293578672703,0.2530203
0.2945433701158728,0.30155656
0.35361556359271523,0.35452688
0.38476281137501034,0.39823234
0.5130847221260766,0.4604496
0.3819171404305374,0.49217355
0.5549822359189642,0.5379752
0.5052860975244292,0.5581003
0.601949246969954,0.588888
0.46364950758502754,0.60502464
0.5340963803046561,0.6334668
0.6229627569652877,0.6486174
0.6878973742733554,0.6874855
0.861106252609099,0.7399858
0.7897135906499853,0.77674013
0.8222822402868195,0.8020385
0.8536313337035053,0.8261088
0.8537324059046264,0.8300313
0.8764152790111331,0.8343513
0.9247685675245579,0.8429071
0.8571179646007152,0.84220827
0.8870946391743779,0.836624
0.8954081224434717,0.8302497
0.8739142807909707,0.8164417
0.7010558694888647,0.78833795
0.8613480014526865,0.7596368
0.658947728973596,0.7323049
0.7995503841788324,0.7088703
0.5984885412229609,0.66490173
0.6830662806276661,0.62195325
0.6440265043267821,0.57607985
0.4384779417887259,0.5094985
0.28530936561408704,0.4049172
0.22524628273764435,0.31019092
0.3090628747736434,0.24681604
0.29469904034300537,0.2106945
0.257186815515467,0.19266723
0.2971256680551131,0.18700139
0.29443417395011384,0.18043472
0.19358483335104248,0.1628338
0.12811582391311876,0.14140372
0.0802956133487445,0.12004749
0.04503809798993108,0.099674895
0.02745028886866976,0.08471664
0.011035024248825328,0.074727535
0.0,0.06759429
0.0,0.062493585
0.0,0.058860417
0.0,0.05610191
0.0,0.053875465
0.0,0.052004103
0.0,0.05025989
0.0,0.04861551
0.0,0.047075856
0.0,0.045564797
0.0,0.04441963
0.0,0.043786313
0.0,0.04336212
0.0,0.042952888
0.0,0.04232122
0.0,0.041616403
0.0,0.041161723
0.0,0.04080783
0.0,0.040545646
0.0,0.040305063
0.0,0.040296864
0.0,0.040560145
0.0,0.04082052
0.0,0.040945534
0.0,0.041035686
0.0,0.04136329
0.0,0.041949645
0.0,0.042764
0.0,0.04372548
0.0,0.04488911
0.0,0.046267122
0.0,0.047889832
0.0,0.049813222
0.0,0.0519947
0.0,0.05441567
0.0,0.05709637
0.0,0.060159687
0.0,0.06373327
0.0,0.06783104
0.0,0.07236409
0.0,0.07729896
0.0,0.08268365
0.0,0.088814676
0.0,0.09580535
0.0,0.103871524
0.0,0.11341321
0.030169798828807947,0.12488816
0.05316180218186577,0.13836059
0.08659207398127883,0.1552642
0.126995965952691,0.17946605
0.17959314994084422,0.21229923
0.20216581137932185,0.24768674
0.26618958460204484,0.29095995
0.2564226813580621,0.32674813
0.43438344433972353,0.3832951
0.49121687767986905,0.45238
0.5463440314582371,0.5254964
0.6076916625529252,0.59081936
0.6565542543705087,0.6499856
0.6999387593543702,0.69080794
0.7428798491015624,0.7278819
0.7724686025941728,0.76068944
0.7723119168480441,0.7862821
0.8226750597817559,0.80670935
0.8559535441539214,0.82335055
0.874144022808484,0.83555883
0.8877548338350538,0.8436082
0.9034641464896799,0.8487297
0.9187301632936817,0.8497946
0.9198751699350707,0.8502128
0.9267007062089608,0.8486235
0.9246961682795157,0.8448724
0.9160668643463471,0.84089816
0.9046330471663544,0.8317088
0.87783060768561,0.8178614
0.8390878752053629,0.79577255
0.8562397359439515,0.77260095
0.8377379168217428,0.75091743
0.7752954568106544,0.7227807
0.7448977677817562,0.68480736
0.6900694100548403,0.64653295
0.7432927396423378,0.6114814
0.6535403090411818,0.5707647
0.5809496553221792,0.50494957
0.6261734704042743,0.45681533
0.5642965844192276,0.40951258
0.31815608312649124,0.33735263
0.14540292545742892,0.25238487
0.09766580671846911,0.1845998
0.08331212730384145,0.13633
0.07164199717721927,0.10991118
0.051394831558043655,0.09637599
0.03587219175364781,0.08883615
0.03171079075662964,0.0839483
0.016603908744795257,0.07899663
0.002495383057542485,0.07391848
0.0,0.06902942
0.0,0.06492247
0.0,0.061354376
0.0,0.05813341
0.0,0.05556584
0.0,0.053386047
0.0,0.051514402
0.0,0.04956595
0.0,0.047590867
0.0,0.045814425
0.0,0.04424448
0.0,0.043969065
0.0,0.044721708
0.0,0.045501657
0.0,0.045501508
0.0,0.044510253
0.0,0.04343577
0.0,0.042630225
0.0,0.04210157
0.0,0.04178402
0.0,0.041723527
0.0,0.041824576
0.0,0.042049073
0.0,0.04234628
0.0,0.04276564
0.0,0.043231282
0.0,0.043760337
0.0,0.044485405
0.0,0.045463864
0.0,0.046801362
0.0,0.048379764
0.0,0.050244104
0.0,0.052522816
0.0,0.055092003
0.0,0.057844684
0.0,0.060776573
0.0,0.063982025
0.0,0.06772291
0.0,0.07208185
0.0,0.076633036
0.0,0.08151048
0.0,0.08678931
0.0,0.09249225
0.0,0.0986899
0.0,0.10562126
0.009218533049125394,0.11416687
0.028893255143326187,0.12512863
0.05527129510295053,0.13893007
0.08919683240333853,0.15631433
0.1343147965140522,0.1819273
0.1882581158194396,0.21653028
0.24538473007611547,0.26016197
0.3081722809520304,0.31178576
0.37287751465829905,0.37015978
0.43424258846263863,0.42909157
0.4945753165657915,0.48762575
0.5509857043892933,0.5437001
0.6041353205653273,0.5968965
0.6508678705065128,0.64731586
0.6986868863664467,0.6937225
0.7214008815707433,0.7336107
0.7843786894088718,0.7657135
0.7233180864922918,0.77591723
0.8664265785398695,0.80592203
0.8246841376190508,0.8226789
0.8967344256374902,0.8414288
0.5695007848026118,0.81861234
0.80630459658194,0.80815715
0.7198336060726419,0.77981776
0.7753627785543818,0.7568764
0.9318442752507534,0.7768777
0.5757657649206382,0.76234096
0.8988846580628536,0.77453345
0.6023142297530467,0.7611732
0.6330697930926344,0.7178861
0.7924440919449666,0.6913404
0.9055771041022472,0.7153914
0.6102097450369182,0.6967254
0.25361279187217806,0.60970217
0.5288408075430244,0.5170448
0.3347943994142325,0.41492966
0.3320010566020593,0.3402711
0.3125248947004385,0.30280933
0.5936445447788153,0.31739414
0.5555958370753531,0.32785904
0.37653695979803536,0.31859475
0.46523500232224957,0.3040827
0.39467749979742095,0.2810771
0.4381947963917699,0.25577718
0.3112550413625662,0.22639547
0.07446251955580527,0.1802734
0.047610240927879785,0.13580798
0.037037508282545706,0.10626816
0.02718978315871061,0.087507665
0.006201959366215979,0.077773385
0.0,0.07292738
0.0,0.06782066
0.0,0.06317678
0.0,0.05942857
0.0,0.056731142
0.0,0.055088516
0.0,0.05375706
0.0,0.052131843
0.0,0.04972119
0.0,0.047215573
0.0,0.045317024
0.0,0.043978885
0.0,0.043084085
0.0,0.042458467
0.0,0.041685063
0.0,0.04086714
0.0,0.040021833
0.0,0.039336707
0.0,0.039260566
0.0,0.039956756
0.0,0.04070377
0.0,0.041098002
0.0,0.04106357
0.0,0.040859964
0.0,0.041016553
0.0,0.041310657
0.0,0.041770596
0.0,0.042370304
0.0,0.043084074
0.0,0.043930665
0.0,0.04509375
0.0,0.046530508
0.0,0.0481992
0.0,0.049616855
0.0,0.051164415
0.0,0.05321493
0.0,0.05587841
0.0,0.05931217
0.0,0.06315927
0.0,0.067556076
0.0,0.07219016
0.0,0.077030115
0.0,0.08226982
0.0,0.08839765
0.0,0.09547089
0.0,0.10316417
0.010440239714720002,0.11220076
0.027577477301572936,0.12332999
0.06093402377935209,0.13804121
0.11161388334617565,0.15751006
0.1436358751839234,0.18286277
0.14403361281925647,0.20875217
0.24848559029289397,0.24592887
0.2889528614318309,0.29245394
0.34336283302966325,0.34216535
0.4255835762007658,0.40211755
0.41481732105053126,0.45712164
0.5291484842382992,0.51398265
0.5925718179830428,0.5742922
0.6117128647711223,0.62807083
0.6324682982780095,0.6733688
0.6178967123921565,0.6991848
0.601805153445953,0.7101184
0.4547791119516953,0.68723595
0.6253543399473519,0.6792341
0.53976950292772,0.6690863
0.5633077260074416,0.66659534
0.8328793051659752,0.6996678
0.8991558762690347,0.76397485
0.7158387471485227,0.78736293
0.8905615573745597,0.8207371
0.5805917810650126,0.8047735
0.5122802069008474,0.74945784
0.5736203113491644,0.695207
0.6766545905816999,0.6716973
0.3593152086842625,0.5962459
0.319575234924222,0.52441585
0.32747323917748966,0.45062563
0.3130125140679727,0.39267355
0.3020608803284495,0.34971708
0.6958274763056884,0.38554388
0.37047659304414,0.39197665
0.37120426873252227,0.37183452
0.31233117306413727,0.332953
0.6165944944638493,0.34100857
0.4586397456359214,0.33149114
0.47198336061763424,0.33406472
0.3787622197644865,0.3128183
0.36391530584405757,0.28337285
0.22682986594000082,0.2311348
0.1946232123343575,0.19029778
0.13127862964794554,0.15358996
0.06756918365146071,0.1252718
0.04467729668592787,0.10357836
0.02205945543564453,0.08942381
0.0044098401744999,0.079102494
0.00019861992306854034,0.07240359
0.0,0.067224875
0.0,0.06272378
0.0,0.059392635
0.0,0.059112404
0.0,0.059784364
0.0,0.059135206
0.0,0.057021815
0.0,0.054009598
0.0,0.052009676
0.0,0.05018073
0.0,0.04838731
0.0,0.046906292
0.0,0.045788094
0.0,0.044923183
0.0,0.044191465
0.0,0.043531545
0.0,0.042968366
0.0,0.04239618
0.0,0.041774206
0.0,0.041213144
0.0,0.040893912
0.0,0.040837627
0.0,0.04102583
0.0,0.041311894
0.0,0.041696426
0.0,0.042178
0.0,0.042849205
0.0,0.043847628
0.0,0.045127135
0.0,0.04651034
0.0,0.04790156
0.0,0.04952171
0.0,0.051390704
0.0,0.053630274
0.0,0.056083858
0.0,0.05876322
0.0,0.061815497
0.0,0.06524748
0.0,0.06911817
0.0,0.07360778
0.0,0.07880163
0.0,0.08496088
0.0,0.092000455
0.0,0.09956159
0.0,0.10766149
0.011088547090917701,0.11686501
0.03179519675549014,0.12835124
0.05859006974545238,0.14266634
0.09615611609529104,0.1608175
0.14317438005150868,0.18727946
0.1967228489310134,0.22438696
0.2520780124132672,0.2711173
0.31240279571615215,0.32509923
0.3691950116773346,0.3812064
0.43129530775034114,0.43322176
0.49492703809791655,0.48652738
0.5577196067436543,0.54093856
0.6055533174839612,0.5937234
0.6505502578408056,0.6427219
0.6963701716414912,0.6874484
0.710376350817053,0.72171855
0.7540647492608337,0.7541796
0.7803365200754433,0.78023225
0.7234399465472644,0.7980268
0.6953391998415628,0.7987886
0.8101235948135904,0.79788727
0.9182688872804389,0.8124229
0.9494635649550986,0.8329292
0.9232895807884051,0.8474678
0.8871880652025853,0.85358334
0.9519427318099672,0.858588
0.8109977613408474,0.840717
0.8889196724959576,0.8234435
0.9458733530069807,0.8197537
0.7614639836157231,0.8079851
0.5319165789240702,0.74195194
0.7325207299469028,0.69439775
0.6925001396037134,0.6535649
0.3522761186140586,0.572694
0.5993191010379748,0.52173316
0.5938474855574656,0.48864853
0.7377521099053971,0.4830072
0.6317516138766344,0.48320338
0.591106729730784,0.47454694
0.4517324914087723,0.4337856
0.2164727578726936,0.3472525
0.32616593180558345,0.27413025
0.3188552252523474,0.22960775
0.2733906967628485,0.20006289
0.23982396958860513,0.17763267
0.19239860945780735,0.16110069
0.08299654563263875,0.13424854
0.05068308527714222,0.10995077
0.03514473508541999,0.09195231
0.01973427820269914,0.07998781
0.0044039024843354245,0.07193412
0.0,0.06733356
0.0,0.06363345
0.0,0.060252834
0.0,0.057099413
0.0,0.054329384
0.0,0.052168448
0.0,0.05037189
0.0,0.048800483
0.0,0.047360223
0.0,0.046045355
0.0,0.045547277
0.0,0.046485625
0.0,0.047992755
0.0,0.04857545
0.0,0.047690816
0.0,0.046148635
0.0,0.04499473
0.0,0.044436503
0.0,0.044078324
0.0,0.043814033
0.0,0.043630425
0.0,0.04360393
0.0,0.043715455
0.0,0.043992702
0.0,0.044492543
0.0,0.045154955
0.0,0.04594937
0.0,0.046811223
0.0,0.047785792
0.0,0.049045917
0.0,0.05063284
0.0,0.052571896
0.0,0.05485932
0.0,0.057509083
0.0,0.06052314
0.0,0.06394023
0.0,0.06780245
0.0,0.07215497
0.0,0.07704551
0.0,0.08252367
0.0,0.08863989
0.0,0.09544386
0.0,0.10298256
0.0,0.111298025
0.0,0.12042427
0.03661630220447033,0.13038418
0.0373165717636037,0.1411861
0.07229741305893744,0.15474664
0.11210705811379443,0.17267159
0.14439280127629603,0.19578369
0.14567221225838922,0.22053123
0.16347530745547115,0.24571177
0.19948554752075,0.27283838
0.2458629710139763,0.30400395
0.3140529837940104,0.34464476
0.3699676879766903,0.3950918
0.4083146541080332,0.44688153
0.5059098536801027,0.5053319
0.6678081488155009,0.58836204
0.47821727837270794,0.6303904
0.6216409339007946,0.6645847
0.6425917217950881,0.68881786
0.8740625439150007,0.7447668
0.8888002616295286,0.7964254
0.8425666807284922,0.83198
0.8586154692033428,0.84682727
0.8065630116224359,0.84694207
0.6829701067869062,0.8245177
0.928926802513312,0.8323057
0.8739624871760076,0.83549523
0.7500576445947075,0.8182333
0.8785050593261784,0.8127595
0.9132879177905382,0.8185998
0.9225216235378528,0.81804645
0.8532440099340294,0.81792533
0.8068701107393373,0.8077183
0.6533155250486182,0.75842816
0.4906476001139842,0.6706481
0.6833141822197113,0.614892
0.6017024206551583,0.5726503
0.648207438777847,0.5448588
0.5670159749006591,0.52209044
0.5503799882949898,0.48740554
0.5150126196972424,0.43912682
0.5382015703798597,0.40577883
0.4952579120112463,0.37005624
0.46993246803962213,0.34098485
0.3072023586409002,0.29547063
0.26561845525285765,0.2456994
0.23594696842514454,0.2029427
0.17016082419017659,0.16758966
0.0912336871841881,0.1372297
0.06793518192745697,0.11554195
0.032889010112417884,0.09827076
0.009334618678506702,0.08493187
0.00013088007562200656,0.07572006
0.0,0.06938932
0.0,0.064817645
0.0,0.061564185
0.0,0.058871
0.0,0.056557346
0.0,0.05442801
0.0,0.052487727
0.0,0.05063512
0.0,0.048773855
0.0,0.04705546
0.0,0.045564257
0.0,0.04429944
0.0,0.043251723
0.0,0.042395815
0.0,0.04191209
0.0,0.042553965
0.0,0.043537103
0.0,0.04419064
0.0,0.044215534
0.0,0.043627303
0.0,0.04327374
0.0,0.043146253
0.0,0.043196704
0.0,0.043488014
0.0,0.04387747
0.0,0.044412144
0.0,0.045098647
0.0,0.04592667
0.0,0.046995472
0.0,0.048253894
0.0,0.049673412
0.0,0.051312596
0.0,0.053158358
0.0,0.05529653
0.0,0.057791665
0.0,0.06067029
0.0,0.06401284
0.0,0.0677222
0.0,0.07184281
0.0,0.07645299
0.0,0.08174234
0.0,0.08769329
0.0,0.094212785
0.0,0.10132734
0.0,0.109068654
0.005477011580892398,0.11810243
0.02311499836759796,0.12923598
0.05150850786269443,0.14365588
0.08841244798220191,0.16224527
0.12509124569577315,0.18526419
0.16175708084928933,0.21270278
0.14740226645602658,0.23802061
0.17262108288665826,0.26321977
0.2266703726565179,0.2942192
0.31868736902139005,0.3396459
0.2628997218579819,0.37652135
0.253848746362951,0.40115
0.27738344505047346,0.41689497
0.39852051155744805,0.44486976
0.46085228198501194,0.48418117
0.3426411706828053,0.50827384
0.34350350969554583,0.51566935
0.3206011093156832,0.5082497
0.3878005910984507,0.5041974
0.3935955140316142,0.5109088
0.4809953886809366,0.5405945
0.749820734323121,0.6144351
0.5797364908065639,0.6636539
0.6484098817606111,0.69553787
1.0,0.78026724
0.7299373567973164,0.816989
0.9481426379298913,0.84912485
0.7413282840496623,0.84871864
0.6483384383197985,0.81131697
0.8552682605270508,0.78266454
0.778806459795798,0.7681738
0.8628834379279045,0.75306946
0.8486912829284166,0.75632685
0.8344051640965103,0.7500202
0.7767455913427291,0.71838
0.7422626040899899,0.6843428
0.701988875379497,0.6387971
0.6528833400483409,0.5830609
0.6040737334596482,0.526492
0.551889320509144,0.46986744
0.4949444210727307,0.4126196
0.4221259368710803,0.35629252
0.30736280770185137,0.29636136
0.3067232814153168,0.24756958
0.24979200164224027,0.20812964
0.19269280588998844,0.17490996
0.13112283994444793,0.14645103
0.07551822178444943,0.12288814
0.04869933519452374,0.102943264
0.021166133708296675,0.08772208
0.002247720440673361,0.07662251
0.0,0.068869516
0.0,0.06373134
0.0,0.060198575
0.0,0.05795088
0.0,0.05617446
0.0,0.054434296
0.0,0.05251686
0.0,0.050574753
0.0,0.04948198
0.0,0.048526816
0.0,0.047566533
0.0,0.046518132
0.0,0.045429006
0.0,0.044714607
0.0,0.043959353
0.0,0.043173976
0.0,0.042408835
0.0,0.041817863
0.0,0.041446462
0.0,0.041186772
0.0,0.041051045
0.0,0.041020997
0.0,0.041051872
0.0,0.04110112
0.0,0.041264754
0.0,0.041593302
0.0,0.0421074
0.0,0.042894404
0.0,0.04385856
0.0,0.04511337
0.0,0.046600275
0.0,0.048291925
0.0,0.050352972
0.0,0.052717842
0.0,0.055376653
0.0,0.058282617
0.0,0.061547983
0.0,0.06532765
0.0,0.06964694
0.0,0.07453475
0.0,0.079860374
0.0,0.08575536
0.0,0.092135355
0.0,0.099202916
0.0,0.10709957
0.007351804448675561,0.116174944
0.033649679615471585,0.12768686
0.06003883034515837,0.14196126
0.07641001029946377,0.15851356
0.08841854098578683,0.17668037
0.09748439056904794,0.19583856
0.1458434136703434,0.2193224
0.16722447504342958,0.24494609
0.19967341508947042,0.27291608
0.2620742992623942,0.307936
0.3209930327144658,0.35314324
0.5089652553177065,0.42874685
0.5171326260306499,0.5093743
0.3909811382238059,0.54586816
0.6142133253275711,0.5971339
0.46869929218958883,0.6102348
0.4696960356567698,0.6067812
0.7689295240481561,0.64835644
0.9140572489390036,0.7420009
0.6880057341246304,0.77928424
0.6160456463929697,0.7760944
0.7680417975020799,0.7603158
0.8343374840006269,0.74783546
0.5912229348298399,0.7114159
0.6575061366102336,0.70150006
0.6275958877376673,0.70406085
0.5165337794894713,0.6729143
0.9558040505029469,0.7097515
0.6512557916477784,0.72953135
0.46554126528189027,0.70106906
0.40263346722171717,0.6369184
0.4122076643283235,0.5670621
0.7879110775694785,0.5634388
0.5877272839220161,0.5712549
0.1658630474706877,0.49801865
0.20408474864794968,0.40466842
0.16009536385081694,0.3138447
0.15057182227764884,0.2439755
0.24068833959919544,0.22221813
0.224813321171101,0.21826208
0.220540693018837,0.21028979
0.15777996329562763,0.19568117
0.13344128699641192,0.17556016
0.13328681147606136,0.15531959
0.1448160259807258,0.1404137
0.13156828618565736,0.12916985
0.10317854001876421,0.119408004
0.07691650603950678,0.10902358
0.049253499713761556,0.09822978
0.01936935516247221,0.08752198
0.0017396715848578097,0.07827698
0.0,0.0712611
0.0,0.06611954
0.0,0.062382456
0.0,0.059563763
0.0,0.057133835
0.0,0.054927472
0.0,0.05289061
0.0,0.05108447
0.0,0.049522553
0.0,0.04815209
0.0,0.04693411
0.0,0.045842223
0.0,0.044828657
0.0,0.043938145
0.0,0.043160602
0.0,0.04249183
0.0,0.041949876
0.0,0.041436564
0.0,0.040995006
0.0,0.04071173
0.0,0.04066545
0.0,0.04081295
0.0,0.04107773
0.0,0.0413852
0.0,0.04182774
0.0,0.04252239
0.0,0.043398846
0.0,0.04443945
0.0,0.045637432
0.0,0.047024395
0.0,0.04857096
0.0,0.05027389
0.0,0.052170414
0.0,0.05439982
0.0,0.05708603
0.0,0.060181044
0.0,0.063678026
0.0,0.06754867
0.0,0.07170308
0.0,0.07633804
0.0,0.081573255
0.0,0.08749144
0.0,0.094022505
0.0,0.1011327
0.0,0.10905719
0.0057207316669195245,0.11823305
0.03313034078538267,0.12977256
0.07064483556049017,0.14491028
0.1140064021952108,0.16482498
0.15534527131692252,0.19097854
0.22875208865144303,0.22752444
0.3085857688077273,0.277778
0.3631415542975589,0.33828464
0.45254417486800347,0.40864766
0.42325606929712206,0.46669784
0.4245557902811295,0.5031391
0.4954096397090088,0.5362246
0.5151164396674288,0.5701619
0.4348372535250622,0.5770632
0.45556684155382876,0.57868296
0.5417147834737001,0.5943872
0.5706616211926179,0.6193916
0.6451759910040312,0.6661332
0.8669741720821552,0.73994374
0.8528817152855199,0.7986946
0.7860135852981259,0.840536
0.7458960644283016,0.82290983
0.9051197107330041,0.83162135
0.4156091126550547,0.778164
0.38733770214089935,0.691785
0.5078997564974637,0.6433771
0.5509199358082044,0.63610387
0.29512740229362283,0.5628367
0.5041876248130586,0.54745305
0.6911897459006571,0.5786324
0.7176848073101356,0.59852695
0.4772164649315786,0.59188855
0.20966569968442547,0.53063786
0.2451425631120829,0.4396828
0.3686323647386061,0.38022393
0.21997971866893437,0.32586047
0.21318291503243766,0.29088777
0.14674583507672156,0.26226696
0.12952814595864826,0.22871695
0.10660077622610821,0.19848564
0.12384994585434067,0.18005872
0.14355579003863758,0.16746351
0.12791051363809205,0.15755354
0.11872758282698659,0.14770684
0.09692287860560936,0.13752986
0.07206438558991224,0.1258784
0.050856317690960384,0.113912605
0.05139895329460189,0.1039243
0.04038184964014799,0.09501902
0.0197867258093567,0.08711715
0.0016675710593628186,0.07981783
0.0,0.07361015
0.0,0.06839995
0.0,0.06434253
0.0,0.061250366
0.0,0.05878223
0.0,0.056624666
0.0,0.0545266
0.0,0.05250886
0.0,0.05067916
0.0,0.049097642
0.0,0.047827873
0.0,0.046713267
0.0,0.04564309
0.0,0.04468377
0.0,0.043872632
0.0,0.043248802
0.0,0.042855393
0.0,0.04262649
0.0,0.0424863
0.0,0.042442948
0.0,0.042374197
0.0,0.042096555
0.0,0.04183054
0.0,0.041797556
0.0,0.04223013
0.0,0.043102913
0.0,0.0441139
0.0,0.04518879
0.0,0.046290953
0.0,0.047510874
0.0,0.04893394
0.0,0.0506502
0.0,0.05274041
0.0,0.055140488
0.0,0.057925086
0.0,0.060967017
0.0,0.06420831
0.0,0.06778515
0.0,0.07171834
0.0,0.07622264
0.0,0.081315145
0.0,0.08691219
0.0,0.093043335
0.0,0.09999405
0.0,0.107671544
0.005685607301543425,0.116727725
0.029544131137265457,0.12832327
0.03563611778818243,0.14120951
0.059483411384301174,0.15629795
0.12393028984278281,0.17725477
0.1281838027032598,0.19965616
0.1542368825422715,0.22419833
0.17349064987158325,0.25115338
0.3089180763705336,0.29208383
0.6071947842086663,0.39012194
0.6049558448574218,0.50940734
0.5431486102413065,0.58934796
0.48519490080690736,0.6227091
0.6582873550916822,0.64985025
0.7012832221363013,0.6755736
0.7280647741070069,0.71490914
0.6954730666690867,0.7443251
0.5189288669565826,0.734712
0.5121300323188909,0.69956136
0.6806605602926074,0.68565357
0.6822943809046119,0.69334203
0.5104285315976222,0.6844157
0.4693830823418257,0.6637185
0.4534086643549588,0.63027734
0.6060774351381677,0.6147244
0.7065927955956424,0.6364015
0.6610198275961532,0.66924834
0.8032921446837593,0.7092706
0.9130694060027263,0.7496909
0.8848699765462646,0.77157706
0.7460182828688819,0.7608868
0.9362726930797535,0.7660402
0.4945585906808782,0.71221805
0.5358082749812845,0.6360094
0.6567618345894249,0.58539355
0.6570290306510077,0.5600231
0.4890615080250438,0.5087971
0.39692217373319083,0.46029845
0.43926047441652466,0.40975985
0.47964196563995476,0.36652777
0.5052935644393082,0.3466517
0.3655639408061098,0.32010406
0.33502163254850714,0.2874346
0.22879037898323498,0.24441485
0.20514976957611317,0.2040689
0.11355516162125784,0.16636144
0.06856300009053813,0.1380374
0.04426727348224057,0.11591327
0.02525384124014223,0.100636676
0.01395560328009897,0.08932619
0.002969323048378714,0.0812639
0.0,0.07464886
0.0,0.06927275
0.0,0.06507615
0.0,0.061678357
0.0,0.058952674
0.0,0.056644283
0.0,0.054572858
0.0,0.052704785
0.0,0.051050432
0.0,0.049610533
0.0,0.048352677
0.0,0.047186438
0.0,0.046039473
0.0,0.044970546
0.0,0.044052444
0.0,0.043314792
0.0,0.042730186
0.0,0.04221055
0.0,0.041736677
0.0,0.041372932
0.0,0.041111216
0.0,0.040989053
0.0,0.04108215
0.0,0.041508272
0.0,0.042151637
0.0,0.04284884
0.0,0.043517083
0.0,0.044138215
0.0,0.04488032
0.0,0.045891542
0.0,0.04733921
0.0,0.04927148
0.0,0.05148721
0.0,0.053796805
0.0,0.056116782
0.0,0.05869011
0.0,0.061834093
0.0,0.06558813
0.0,0.06990561
0.0,0.07460455
0.0,0.07979607
0.0,0.085513346
0.0,0.09185892
0.0,0.09903824
0.0,0.10694645
0.004231112111558297,0.11592137
0.02468926286441382,0.12685299
0.04458584191872583,0.14048147
0.06686675607877605,0.15728953
0.10561281384691767,0.1782713
0.1629793848652643,0.20590024
0.20528053017871534,0.23922373
0.24336024051029287,0.27636465
0.3165488447345333,0.3205212
0.330359769078521,0.3632222
0.3325934517272838,0.39717913
0.3763400124671379,0.42852455
0.46383265605476676,0.46921915
0.4612341101126569,0.5052483
0.42482412132134734,0.5302725
0.435848214000608,0.54940176
0.43259353535672507,0.55865186
0.44636796142742124,0.5634149
0.6489535328638465,0.60095793
0.7942010867649842,0.6689002
0.7167622551565329,0.7204999
0.6876689464122276,0.7453254
0.7918285792403316,0.76889914
0.958414782458917,0.805872
0.6870881399424545,0.80205864
0.7433760703927172,0.790479
0.829080716548939,0.7839413
0.9219929063011724,0.7827309
0.8074752294919578,0.77377075
0.7289018451129544,0.76163363
0.756527038971891,0.74310505
0.6141679264932693,0.7048279
0.6662542839338943,0.66895056
0.7183406413745191,0.6509145
0.6882470050359963,0.6305263
0.7358114887703935,0.6135345
0.8764643814354558,0.62648773
0.8081722809520304,0.6277286
0.5102874965227158,0.5822242
0.4147444439635874,0.5001204
0.37840577913338014,0.40248004
0.2832845176358953,0.31370342
0.1894910527267784,0.24483244
0.32141984154593206,0.21450506
0.4016563169350572,0.20856597
0.20629101277890774,0.19314396
0.15465222219465136,0.1727013
0.08740435479557362,0.14809614
0.049379003611205945,0.1209233
0.026759927830135123,0.099176005
0.006969319225509693,0.085976355
0.0,0.07609861
0.0,0.06941937
0.0,0.065004654
0.0,0.061838184
0.0,0.059283033
0.0,0.057030663
0.0,0.054884594
0.0,0.05283251
0.0,0.050945234
0.0,0.049242247
0.0,0.047790784
0.0,0.04664335
0.0,0.045699663
0.0,0.04487614
0.0,0.04403594
0.0,0.04314168
0.0,0.042368148
0.0,0.041835155
0.0,0.041521914
0.0,0.041293465
0.0,0.041132722
0.0,0.041041337
0.0,0.041120492
0.0,0.041338548
0.0,0.041585393
0.0,0.04202375
0.0,0.04265452
0.0,0.043580037
0.0,0.044753376
0.0,0.046065364
0.0,0.047442656
0.0,0.048876505
0.0,0.05056357
0.0,0.05278446
0.0,0.0556597
0.0,0.058990687
0.0,0.06270909
0.0,0.066654675
0.0,0.07094594
0.0,0.075654685
0.0,0.08066465
0.0,0.086051464
0.0,0.09182677
0.0,0.09835348
0.0,0.10585406
0.005045603134369988,0.11467546
0.0281870642457834,0.12564667
0.05434026048001397,0.13973737
0.08872623759155895,0.15830216
0.13669901214710511,0.18447015
0.1843587139180325,0.2179858
0.18930659007723735,0.25336668
0.24957964258950552,0.29164696
0.36263260941915,0.34143126
0.3889614274784212,0.3898041
0.4707091466065305,0.45479286
0.3558758284447988,0.4894056
0.565082163543801,0.5307944
0.48332225841186716,0.55282396
0.4908622291039181,0.55910367
0.4945202406008682,0.5755438
0.7129158982389252,0.6296706
0.598636625068885,0.657437
0.7172479032309481,0.70388216
0.8987470278870555,0.77359587
0.7283475610681776,0.7991135
0.7238481179756778,0.8014273
0.6911779183058564,0.7902877
0.782981540102343,0.78390294
0.8529320721180101,0.78297424
0.8091710554605486,0.7959402
0.6878592631427302,0.79699135
0.5990306392103903,0.7599098
0.9090746067599216,0.7614952
0.9159957793212489,0.7855424
0.5812365640406482,0.7600446
0.8310508468842568,0.74266267
0.5942672854355638,0.70816946
0.5388642739605712,0.62903076
0.5176125992854835,0.55175185
0.7464376247051849,0.5370917
0.8324425005991323,0.551656
0.6139353171768028,0.5466732
0.6348908838948795,0.5304533
0.6052018348878402,0.5081542
0.5730398035602683,0.46269557
0.4962459938601115,0.40713343
0.4353278596712597,0.3597029
0.2822537847719712,0.29487905
0.29765163750600254,0.24320823
0.2811671396520561,0.20842335
0.22389053002462606,0.18051043
0.1392996488252472,0.15342112
0.06410650663443024,0.1284967
0.021591867299979403,0.10503295
0.0034612831927301824,0.08739186
0.0,0.075559355
0.0,0.068349876
0.0,0.06389086
0.0,0.060849365
0.0,0.05841478
0.0,0.056228124
0.0,0.05414182
0.0,0.052223504
0.0,0.050517935
0.0,0.049099125
0.0,0.047871254
0.0,0.046683043
0.0,0.045591287
0.0,0.044613913
0.0,0.043792363
0.0,0.04314054
0.0,0.04263332
0.0,0.04227479
0.0,0.04209405
0.0,0.042107698
0.0,0.042152263
0.0,0.0421217
0.0,0.04208101
0.0,0.042125337
0.0,0.04243189
0.0,0.04292111
0.0,0.04359982
0.0,0.044533864
0.0,0.045701288
0.0,0.047026485
0.0,0.048493735
0.0,0.050190173
0.0,0.05210063
0.0,0.054309487
0.0,0.05678015
0.0,0.059637718
0.0,0.06298945
0.0,0.06675849
0.0,0.07101232
0.0,0.07574285
0.0,0.080990426
0.0,0.08697764
0.0,0.0935222
0.0,0.100456186
0.0,0.1080293
0.006729840346585203,0.116883665
0.02215678417590698,0.1277846
0.04239857361690497,0.14070787
0.1010060860733469,0.15910329
0.10690518738906597,0.1806281
0.14077481244483656,0.20610008
0.1575722038688543,0.23389865
0.17272251345331607,0.26137796
0.20870019777467358,0.28944668
0.38774497752333664,0.3399806
0.5115318428743036,0.42490953
0.5452193946807167,0.5204079
0.5359973969815888,0.5830636
0.6493684543623295,0.6402527
0.7189282577161027,0.682727
0.42457789234488935,0.66843534
0.7816137208785909,0.69289786
0.4768798644019366,0.6905791
0.7482225757702793,0.7051704
0.7424513676745799,0.72982025
0.6980375037447787,0.75254875
0.7863507910908316,0.7794396
0.9108492235710418,0.8300789
0.8478250013729253,0.85123247
0.3471022040340515,0.8105277
0.343432125996261,0.72108686
0.26599514615104086,0.5941565
0.3946589221057892,0.50352156
0.6194209903783527,0.5005493
0.5949589009083585,0.5478068
0.7563969952375145,0.6142487
0.9636027348829189,0.6995987
0.8751966785617626,0.74396574
0.457682367740985,0.70197487
0.8477143118195073,0.6824496
0.7948559650184477,0.65760016
0.6491599781108179,0.6099739
0.5036193030146064,0.54683584
0.31768232234157195,0.46539712
0.6489637476046587,0.4150038
0.5458416574621118,0.3857192
0.4795296632559646,0.36231863
0.44681549840466295,0.33819535
0.3407392579833129,0.29987535
0.3019667374621231,0.2492195
0.2851936583109174,0.21264805
0.27087838870444675,0.18594499
0.16641368761344866,0.15836546
0.08547597935239953,0.13221708
0.039989328883960173,0.10897741
0.008769482772957814,0.0901145
0.0,0.076806664
0.0,0.06888055
0.0,0.06395032
0.0,0.060598888
0.0,0.058089968
0.0,0.05585918
0.0,0.053811777
0.0,0.05203219
0.0,0.050422747
0.0,0.049004268
0.0,0.047727898
0.0,0.04653769
0.0,0.0454804
0.0,0.044546697
0.0,0.043791026
0.0,0.043223485
0.0,0.04277613
0.0,0.04246081
0.0,0.042179793
0.0,0.041950863
0.0,0.04179551
0.0,0.04172752
0.0,0.041829385
0.0,0.04210363
0.0,0.04254302
0.0,0.043117233
0.0,0.043790903
0.0,0.0446312
0.0,0.045725446
0.0,0.047066864
0.0,0.048549607
0.0,0.0502359
0.0,0.052247453
0.0,0.054671884
0.0,0.057494402
0.0,0.060435
0.0,0.06362086
0.0,0.06725319
0.0,0.07154733
0.0,0.07649886
0.0,0.082038894
0.0,0.08814326
0.0,0.09480201
0.0,0.102627166
0.0,0.11132462
0.009911402969895237,0.12120228
0.031127176725082455,0.13234751
0.054963479023489546,0.14539748
0.10692758814039319,0.16453703
0.19454394357298724,0.19959946
0.24616355911723858,0.24704094
0.28189632864863035,0.30026478
0.33541827504292576,0.35683328
0.3826818122014783,0.41075227
0.3965678835762993,0.45236325
0.5154455812537503,0.5038463
0.4476848264468935,0.53757983
0.28151790542678395,0.5237523
0.38761971256591066,0.5112306
0.6740575977620865,0.55781
0.5091117860478247,0.6042344
0.7726591582004663,0.67983514
0.6349031296502674,0.7331629
0.6773212366850911,0.7556684
0.6242559070569761,0.7420896
0.7436745080418358,0.7580738
0.829788639789547,0.7744734
0.5556103527612497,0.7496547
0.38484058675541194,0.6902971
0.6007315425732501,0.6646801
0.6439013588390307,0.6619044
0.74438613478549,0.6833336
0.6409851404930311,0.721941
0.9216578509325039,0.76543355
0.30046134779071987,0.7119447
0.6173129908375676,0.65374476
0.7501167228539447,0.633916
0.5567562553081171,0.59149426
0.880345922443208,0.62190604
0.33393110463740444,0.60267204
0.17777444853543736,0.49114114
0.2996666888972789,0.3863227
0.36527715155397034,0.33042616
0.3169699189714386,0.28465736
0.24349733306251964,0.26812437
0.1970092200259109,0.24438702
0.11352260587733648,0.20812446
0.1004816100101165,0.17524515
0.09460377445705405,0.15227811
0.06826605583744155,0.13544922
0.047354514043041744,0.122010775
0.03328457736972912,0.11092442
0.024274878982811873,0.10096051
0.016151294261220875,0.092475705
0.0035945725926478426,0.08554906
0.0,0.07971392
0.0,0.07469506
0.0,0.070444696
0.0,0.06684206
0.0,0.063729
0.0,0.061202683
0.0,0.058953654
0.0,0.05676158
0.0,0.0546662
0.0,0.052793954
0.0,0.051223706
0.0,0.04982362
0.0,0.048483077
0.0,0.047204416
0.0,0.0460982
0.0,0.04516937
0.0,0.044376984
0.0,0.043761972
0.0,0.04326155
0.0,0.042801697
0.0,0.042507216
0.0,0.042315673
0.0,0.042323634
0.0,0.042441938
0.0,0.042557266
0.0,0.04279205
0.0,0.04319559
0.0,0.043859035
0.0,0.044699162
0.0,0.0456686
0.0,0.04682243
0.0,0.04827321
0.0,0.050028797
0.0,0.052054223
0.0,0.054347917
0.0,0.05686609
0.0,0.059717078
0.0,0.062999934
0.0,0.06666301
0.0,0.07077519
0.0,0.075352475
0.0,0.08043738
0.0,0.08613412
0.0,0.092334576
0.0,0.099036604
0.0,0.10648658
0.004444367186819489,0.11528806
0.029425974683687302,0.12668064
0.05826039054091178,0.14165032
0.10867317351616171,0.16271135
0.12951285371652121,0.18830527
0.13602101631757618,0.21404184
0.15161300882173445,0.23835103
0.18401099464342452,0.26355964
0.2483157030607417,0.2942428
0.26045827978244573,0.32737747
0.26595249513932717,0.3591802
0.3685031572551551,0.40106606
0.6764674398477533,0.4905083
0.6164924068106358,0.57728195
0.5102036878735666,0.62543553
0.4556127182735195,0.6379522
0.4920069966922214,0.6323739
0.5734171515483525,0.628024
0.7069400369815162,0.65683264
0.9622163379140124,0.7468798
0.8418463325815071,0.8036097
0.9948400634722825,0.85514915
0.8551591838844893,0.8689161
0.8170835354917434,0.86149573
0.9659302019454968,0.8568239
0.8512078122631517,0.86313546
0.7896413706930845,0.86368614
0.7237049323563078,0.86560094
0.6765782488474296,0.856209
0.6802046005895664,0.8399571
0.5986333396294159,0.81484044
0.42247520925145876,0.75781226
0.7013430171433378,0.70860326
0.6279823154946188,0.65932614
0.5171856112461601,0.59174234
0.33217410980868933,0.5042696
0.6738788696970709,0.47286296
0.5145747000923685,0.4339624
0.5784044530112941,0.41926742
0.46790642535130317,0.399059
0.538054621502535,0.38278705
0.4492709782740164,0.3468233
0.2545777561483229,0.29530898
0.3733483484060828,0.2552733
0.245963744487388,0.21977188
0.2504125320899367,0.18839303
0.15982553942963035,0.15973389
0.0866104724683986,0.13477722
0.048908528268431985,0.11098967
0.022199196249944014,0.09450453
0.004453088542816047,0.08165008
0.0,0.07329608
0.0,0.067776985
0.0,0.06374699
0.0,0.0607401
0.0,0.058380395
0.0,0.056264233
0.0,0.054296743
0.0,0.052406516
0.0,0.050671615
0.0,0.049103275
0.0,0.04770734
0.0,0.046520427
0.0,0.045512453
0.0,0.0446357
0.0,0.043857712
0.0,0.043174215
0.0,0.04259863
0.0,0.042133633
0.0,0.04173864
0.0,0.04138599
0.0,0.04112889
0.0,0.041008674
0.0,0.041058227
0.0,0.041350823
0.0,0.041855976
0.0,0.04249771
0.0,0.043270223
0.0,0.044179425
0.0,0.045263313
0.0,0.046526298
0.0,0.047942985
0.0,0.049593035
0.0,0.05157274
0.0,0.053889573
0.0,0.056538656
0.0,0.05947962
0.0,0.062712535
0.0,0.06630852
0.0,0.070376456
0.0,0.07507642
0.0,0.08043568
0.0,0.08647249
0.0,0.09320847
0.0,0.10049051
0.0,0.10843169
0.007493735557850097,0.11764737
0.03314826138008861,0.12932397
0.06207705903562939,0.1443761
0.08140191138836679,0.16235736
0.11392217540220033,0.18494503
0.14203701964993723,0.21155584
0.18071796592622186,0.242314
0.28719514978372984,0.28700063
0.3040689426835455,0.33545431
0.244336255825008,0.3671594
0.4012731148894278,0.40891466
0.5325805369530915,0.4726496
0.4988822925271677,0.5256517
0.6864419949877737,0.5950095
0.8237189343333079,0.68731344
0.839138789612064,0.7538357
0.8946755285377537,0.8043412
0.7945526888675768,0.8249854
0.8454584075770967,0.8330895
0.8433882205328923,0.8318662
0.8749974612568691,0.833788
0.8240990301874674,0.8289757
0.7540919885507102,0.8185117
0.761772158066742,0.80157405
0.75174391278527,0.78575814
0.6484453048101758,0.7566702
0.864779197972604,0.7602067
0.5661470052707978,0.73853546
0.7132384688961305,0.72446996
0.6537832525714803,0.71243227
0.5946441555416042,0.6943452
0.7345384096710214,0.6865085
0.731780788609361,0.69164145
0.7723772075102924,0.68609565
0.8149804940561924,0.6809199
0.7084960224715915,0.65099496
0.7301834663040997,0.61789256
0.6850573781685351,0.58712935
0.507302702021476,0.5183069
0.5256321848233442,0.44706252
0.353029500410425,0.37389246
0.2479376979794114,0.29564378
0.4022879581528161,0.25663573
0.39986055388447794,0.24313775
0.24233787059384315,0.21817948
0.170902258928758,0.18777053
0.1430163801356137,0.15776591
0.09347447832877037,0.12938316
0.05959398145265668,0.10836467
0.03297240061201896,0.09409634
0.008849309065821138,0.08271672
0.0,0.07366035
0.0,0.06740684
0.0,0.062933266
0.0,0.059796233
0.0,0.057357363
0.0,0.05518918
0.0,0.05325297
0.0,0.051642325
0.0,0.05022447
0.0,0.048926562
0.0,0.047668938
0.0,0.046509217
0.0,0.045624226
0.0,0.04478485
0.0,0.043977454
0.0,0.043193955
0.0,0.04253589
0.0,0.042037398
0.0,0.04167968
0.0,0.04157569
0.0,0.041690093
0.0,0.041829385
0.0,0.042007912
0.0,0.04230749
0.0,0.042717475
0.0,0.04334173
0.0,0.044120736
0.0,0.045120377
0.0,0.04631539
0.0,0.047628205
0.0,0.049194895
0.0,0.05100865
0.0,0.053030718
0.0,0.055304337
0.0,0.057831455
0.0,0.060709756
0.0,0.06401975
0.0,0.06787575
0.0,0.07219361
0.0,0.07681781
0.0,0.08185809
0.0,0.08746967
0.0,0.09398303
0.0,0.10122201
0.0,0.109139614
0.011827592411251756,0.11832111
0.03576442924439028,0.13005243
0.06216379471321668,0.14482099
0.10526987339609273,0.16364315
0.1641462545139824,0.19398555
0.19694649794828706,0.23244482
0.2020024352912706,0.2716478
0.1849622198032839,0.3014798
0.38671806771576284,0.352251
0.4583868263141956,0.41719383
0.5082844519340973,0.4898015
0.5611349733878377,0.5573075
0.6342174876946571,0.62176174
0.5973252556945889,0.65409493
0.6501715956863002,0.6854916
0.7095165406281553,0.71230924
0.41742835167399756,0.68906707
0.7259448872733806,0.70188415
0.9101009192391932,0.7502458
0.8735018084442343,0.7967391
0.8505998860032834,0.83028996
0.8584602768917057,0.8533407
0.634310017686924,0.8271688
0.884001962723978,0.81742054
0.677447337973727,0.7926233
0.5970766970494397,0.756027
0.7727577812297698,0.73956466
0.7323789780539482,0.74090755
0.7753470084703531,0.74625045
0.77466955025436,0.7596703
0.6907861740948599,0.7427687
0.6648266397704561,0.7022908
0.4483674816305308,0.62506235
0.4793971105848263,0.54421353
0.6402027870663991,0.50565076
0.5736197737423188,0.48570594
0.6072658692337646,0.47300225
0.602423963522306,0.4703284
0.6206711310593389,0.46166682
0.5526327265040475,0.43736133
0.471494845207469,0.4006966
0.410023920411677,0.35320643
0.3783983122185012,0.30414236
0.30951638527475994,0.25692078
0.23698606422985263,0.21501996
0.19909428120852324,0.18091874
0.15453042188120647,0.15332136
0.1051672481293432,0.12968872
0.06268223751405534,0.11028529
0.031248200474268507,0.0946014
0.006845547652196797,0.082291804
0.0,0.07350475
0.0,0.06745749
0.0,0.06326466
0.0,0.060105637
0.0,0.057516225
0.0,0.05525147
0.0,0.05321546
0.0,0.051502306
0.0,0.0500247
0.0,0.048660245
0.0,0.04737617
0.0,0.046245556
0.0,0.045273233
0.0,0.04442395
0.0,0.043727774
0.0,0.043149456
0.0,0.042677045
0.0,0.042270847
0.0,0.041901916
0.0,0.041632015
0.0,0.041479018
0.0,0.041443564
0.0,0.04155587
0.0,0.04181402
0.0,0.04220486
0.0,0.042740367
0.0,0.04340316
0.0,0.044234235
0.0,0.045341
0.0,0.04667572
0.0,0.04815751
0.0,0.04973039
0.0,0.05150094
0.0,0.05362243
0.0,0.056139715
0.0,0.059114557
0.0,0.0625107
0.0,0.06638848
0.0,0.07074338
0.0,0.0754221
0.0,0.080505945
0.0,0.08606215
0.0,0.092216656
0.0,0.09923292
0.0,0.107020006
0.007118538042910292,0.11615172
0.031645022172530096,0.12777416
0.06389325155846655,0.14249577
0.09823424797656034,0.16162476
0.14836334793763864,0.18972299
0.18849562343270893,0.22600369
0.24639091172787822,0.2715243
0.3055315021420682,0.3239761
0.31578877258620874,0.36675423
0.2169746739039629,0.37839305
0.2626511632128326,0.3823144
0.4828802170831467,0.42192852
0.5070566522629106,0.4757517
0.5660102711342853,0.54729974
0.5994911387543775,0.6097937
0.4350092314999371,0.6285968
0.3518552833198478,0.5977044
0.5106044521052125,0.5885723
0.5032053372869013,0.59215593
0.43267447670692116,0.59194326
0.35515261298213485,0.5761882
0.5640759818953834,0.598512
0.6519549935419235,0.6389457
0.6727948529401047,0.67997205
0.9751321882499937,0.7548463
0.7654939668750782,0.7986971
0.8958685025512358,0.8112474
0.8491615789455831,0.8122911
0.7073044821310019,0.78694206
0.5766454869215736,0.72503805
0.8460743385092225,0.70441824
0.6931108336468449,0.67620564
0.5303886092968276,0.62774026
0.6851166953370151,0.603326
0.43512147416247077,0.55188173
0.07181672297367869,0.431841
0.1558606078831385,0.34263736
0.2544673055576705,0.28969392
0.3437973477053222,0.26180872
0.28056303641174113,0.25105202
0.3064680921463563,0.25185037
0.39077015308905555,0.253801
0.2572591549754943,0.23828399
0.20426640373672017,0.21066353
0.17905224665685168,0.18486233
0.1805640280194072,0.16282642
0.10954938306718214,0.13988487
0.08714044418015034,0.12273575
0.04122835879187325,0.10677801
0.008565745524334839,0.09268204
0.0,0.08148604
0.0,0.07391089
0.0,0.06829749
0.0,0.0643184
0.0,0.06124296
0.0,0.05871043
0.0,0.056705814
0.0,0.05528543
0.0,0.054112133
0.0,0.052857347
0.0,0.051437374
0.0,0.04989056
0.0,0.04840741
0.0,0.04703862
0.0,0.045979302
0.0,0.045233626
0.0,0.044670463
0.0,0.044143386
0.0,0.043539822
0.0,0.042925354
0.0,0.042395648
0.0,0.04198659
0.0,0.041760657
0.0,0.041725744
0.0,0.042082574
0.0,0.04267228
0.0,0.043259338
0.0,0.043886445
0.0,0.044593055
0.0,0.04560552
0.0,0.046928678
0.0,0.048460726
0.0,0.050248522
0.0,0.052345462
0.0,0.054704152
0.0,0.05739887
0.0,0.060430694
0.0,0.06395166
0.0,0.06797719
0.0,0.07238993
0.0,0.07714966
0.0,0.082258806
0.0,0.087415524
0.0,0.09303145
0.0,0.09962745
0.0,0.10717636
0.0,0.11597959
0.01102301745051619,0.12587878
0.026764109302199725,0.13764513
0.039012178597969314,0.15176232
0.05781572085459467,0.16807413
0.08845247064434743,0.18744725
0.10819953220426226,0.20876627
0.14849643822231282,0.23372518
0.1902318303721137,0.2637364
0.212622836725166,0.29554182
0.22202194962528543,0.32425284
0.25040183947377104,0.35080293
0.2787733066332546,0.37644798
0.3077845390186221,0.40370706
0.3274348891108604,0.43212813
0.3509045360453774,0.45980355
0.37850374504936646,0.48485133
0.4119057620486045,0.50963444
0.42055973663350243,0.530526
0.4359960589071829,0.54632396
0.529673338624396,0.5716024
0.5735796316071535,0.6022396
0.5393443069602778,0.6223517
0.6071840915858103,0.6426918
0.6830658624971856,0.66647494
0.6567648213547075,0.67708415
0.5827023492038027,0.67069054
0.4277223593408144,0.63186234
0.49802383631565034,0.5923456
0.5365752764209166,0.5639087
0.3550743597230347,0.5200236
0.4716634182665097,0.49179742
0.4966728624230699,0.4809302
0.6921674338075432,0.49988654
0.7615682216628672,0.5335758
0.4544145473224994,0.526101
0.5448349979283051,0.5013089
0.4641487753528861,0.45746008
0.5270291548952545,0.41606566
0.46640575476215523,0.37664643
0.35366669701823283,0.34002283
0.3276555513561611,0.29535744
0.26521589896271125,0.25378183
0.23192110686621967,0.21307333
0.1759785660185286,0.1796545
0.13882773984370125,0.15470329
0.10468398943169517,0.13435091
0.07249286701053888,0.117876254
0.04649139847373628,0.103559054
0.021922263328589233,0.091131695
0.004315219435362425,0.08152358
0.0,0.07410884
0.0,0.06864416
0.0,0.064562514
0.0,0.06146561
0.0,0.058970716
0.0,0.056722905
0.0,0.054587636
0.0,0.052591566
0.0,0.05073233
0.0,0.049111012
0.0,0.047727615
0.0,0.04650162
0.0,0.045401886
0.0,0.044412304
0.0,0.043572165
0.0,0.042893935
0.0,0.042334393
0.0,0.041862804
0.0,0.041512825
0.0,0.04129453
0.0,0.041210417
0.0,0.041271534
0.0,0.041508377
0.0,0.041859332
0.0,0.042281367
0.0,0.04279123
0.0,0.043402735
0.0,0.04422433
0.0,0.04530075
0.0,0.04656969
0.0,0.048031483
0.0,0.04977178
0.0,0.051903866
0.0,0.054461963
0.0,0.057274986
0.0,0.059975456
0.0,0.063098736
0.0,0.06721608
0.0,0.071906745
0.0,0.0770078
0.0,0.08224692
0.0,0.08803607
0.0,0.09480324
0.0,0.1022493
0.0,0.11045014
0.0,0.119415656
0.01173171723062871,0.12933637
0.0268427807128551,0.14075293
0.05116986836063361,0.15496925
0.06861258040192231,0.17226146
0.07818158054356052,0.19124685
0.06876514439610484,0.20844509
0.0958470455782249,0.22572653
0.13191564704455105,0.24620722
0.20560214512201083,0.27607402
0.23235430736542198,0.31015635
0.30087178914295165,0.35349265
0.36629062091610015,0.4052203
0.4379459390690888,0.46368936
0.3911859108786063,0.5040554
0.4775426874590132,0.5408532
0.4257469124678223,0.5595935
0.5671579060115063,0.5860567
0.602294039217462,0.6178435
0.4919425422742085,0.6318697
0.447024392803381,0.62203467
0.6116638220782918,0.62997556
0.7315548696615787,0.65908563
0.686218811900224,0.6870244
0.7482515473202606,0.72321296
0.5379432748659065,0.71871114
0.5212619491574275,0.6827176
0.57780291838571,0.6457803
0.5919776905375004,0.6221595
0.576160495893572,0.60327786
0.6129246553854791,0.6016445
0.7026724863305671,0.61060184
0.6440913768786207,0.6088834
0.5420266615481916,0.58287245
0.47008144791479656,0.53702694
0.43858630164669116,0.48027477
0.42192128368260934,0.42470798
0.36033471131848505,0.3754651
0.4279927213788821,0.3473152
0.33745064967752414,0.31720462
0.21219919386349426,0.27429146
0.20025798488410163,0.23312303
0.20159133685917338,0.20222144
0.1922943713370693,0.17806384
0.14166080663045263,0.15942691
0.13245905920843717,0.14492527
0.16001830529180844,0.13407013
0.11500398195345954,0.12277394
0.06092321168715597,0.109503835
0.027384042403864498,0.09662753
0.005966064606500292,0.08503516
0.0,0.07534489
0.0,0.06892741
0.0,0.06486346
0.0,0.061965186
0.0,0.059650697
0.0,0.057611957
0.0,0.055760093
0.0,0.05410138
0.0,0.052375708
0.0,0.050680593
0.0,0.04920876
0.0,0.047924913
0.0,0.04680479
0.0,0.04575034
0.0,0.04478283
0.0,0.043965176
0.0,0.04328275
0.0,0.042742163
0.0,0.042377893
0.0,0.042210504
0.0,0.042284686
0.0,0.042476118
0.0,0.042730447
0.0,0.043054253
0.0,0.04345876
0.0,0.04400916
0.0,0.044661947
0.0,0.045383442
0.0,0.046179425
0.0,0.047226813
0.0,0.04861638
0.0,0.05032736
0.0,0.05234578
0.0,0.054569997
0.0,0.057103522
0.0,0.059957962
0.0,0.06320506
0.0,0.06695063
0.0,0.0711408
0.0,0.07575243
0.0,0.080843985
0.0,0.08650178
0.0,0.09284939
0.0,0.099998906
0.0,0.1080264
0.006890588079916636,0.11732411
0.026596432272743747,0.12891608
0.043848887335093116,0.14335619
0.07955513438227908,0.1613508
0.13197126062301026,0.18805297
0.19396164371555516,0.22465217
0.24766279606025515,0.26958016
0.31522976950600895,0.32269967
0.3831215238548172,0.38167983
0.4608471447488597,0.44305506
0.5070855641516485,0.50191516
0.5463420601985699,0.5498634
0.5829057479539995,0.59535605
0.6172482974969313,0.63134855
0.5948402665780887,0.6592277
0.6407083867872274,0.68755627
0.6587273653723752,0.7033826
0.7593357337342671,0.7277586
0.8521882479491387,0.7655573
0.8024427681775511,0.78343946
0.8112720659551178,0.7965856
0.9395958284861412,0.82099247
0.919925108687258,0.8281112
0.936450644668823,0.84306353
0.9551572961973954,0.8544493
0.8014094069573684,0.8506014
0.871953946942213,0.83772206
0.9015654594814386,0.82885534
0.722370923344858,0.798492
0.6543212885598649,0.7498767
0.5706217777349842,0.69194245
0.6159120782295969,0.64471704
0.8994925246447527,0.6547936
0.8209182440993467,0.68048674
0.6456625948759858,0.6719096
0.7760644295701671,0.66642576
0.7637909727761861,0.64594096
0.7305593208944893,0.6119215
0.5596820910532461,0.5627373
0.42639050075674684,0.48866236
0.4966454439086103,0.41578022
0.21903386969126684,0.3293399
0.27592094533682354,0.26106548
0.15437295959222816,0.21046458
0.12081073248142377,0.1725932
0.130332481989401,0.1454509
0.09131707768613082,0.1290927
0.06937498222964274,0.11395531
0.04388705820122467,0.102627225
0.021123542429078625,0.09199918
0.005085446589661902,0.0825157
0.0,0.075180665
0.0,0.06960796
0.0,0.065471716
0.0,0.062237505
0.0,0.05955635
0.0,0.0571566
0.0,0.05494301
0.0,0.053004615
0.0,0.051280756
0.0,0.0497672
0.0,0.048402276
0.0,0.047223713
0.0,0.046192955
0.0,0.04527507
0.0,0.044509016
0.0,0.0438821
0.0,0.043418508
0.0,0.043021474
0.0,0.04266446
0.0,0.042381663
0.0,0.042250752
0.0,0.04228887
0.0,0.04235429
0.0,0.04241589
0.0,0.04252392
0.0,0.042893823
0.0,0.04359235
0.0,0.04440081
0.0,0.04524469
0.0,0.04628044
0.0,0.047648888
0.0,0.0493321
0.0,0.051316857
0.0,0.05362824
0.0,0.056234438
0.0,0.05918574
0.0,0.062429536
0.0,0.06603553
0.0,0.07012462
0.0,0.074619845
0.0,0.079678066
0.0,0.08538356
0.0,0.09167775
0.0,0.09843157
0.0,0.10573747
0.00356649699457627,0.11419662
0.02360267748067411,0.124934025
0.04888517176004206,0.13885598
0.07953452569580818,0.1564335
0.14473209786524713,0.18180183
0.23556991911124697,0.2180997
0.23550277662220928,0.2561461
0.3160403777348231,0.30329332
0.31101884792909873,0.34791756
0.26311184195464143,0.37276274
0.35695811288813734,0.40049285
0.39840068251370603,0.43828508
0.4437623667109486,0.48051414
0.5972197631255411,0.5441694
0.5913147480140943,0.60035115
0.6045688794869343,0.6390974
0.6239676841587052,0.66722316
0.5708438139049598,0.6762328
0.7788021587771197,0.6965488
0.8399330701659126,0.7383345
0.6701793421603517,0.756266
0.6366056458671157,0.7601064
0.6464859864670334,0.76031023
0.42375802514938615,0.7159423
0.4971530746172529,0.67135954
0.47560134944909366,0.6438392
0.4647621375632353,0.6149701
0.5263238600410117,0.60222435
0.5855074001377568,0.60803413
0.7281786296536356,0.63887155
0.6905437682048587,0.6704273
0.791134932769687,0.71393466
0.957065600624837,0.7846531
0.8151451843441166,0.8061918
0.5819087058059415,0.76314795
0.47376454824413433,0.6713231
0.6327726696266629,0.57603234
0.7319835303064538,0.52370936
0.4881018601895631,0.47741732
0.43286861647704816,0.43061006
0.42786751615629337,0.38141423
0.30426642763466927,0.3164556
0.21109002852592243,0.25396252
0.16159842385018378,0.20900542
0.12969397120179127,0.17235287
0.12245345365109347,0.14570507
0.07504063793548595,0.12665355
0.04250956183280147,0.111229375
0.02876978224607322,0.098585606
0.01840875155788615,0.08834369
0.004653142113487825,0.08000783
0.0,0.07375096
0.0,0.06883031
0.0,0.06477642
0.0,0.06146803
0.0,0.058808777
0.0,0.0565748
0.0,0.054564185
0.0,0.052676234
0.0,0.050906606
0.0,0.049317162
0.0,0.04785699
0.0,0.0465042
0.0,0.045235686
0.0,0.044165302
0.0,0.043373324
0.0,0.04269158
0.0,0.04207363
0.0,0.041556183
0.0,0.04123915
0.0,0.04116274
0.0,0.041121602
0.0,0.041113723
0.0,0.04123016
0.0,0.041469987
0.0,0.04186773
0.0,0.042373933
0.0,0.04304135
0.0,0.04404481
0.0,0.045418534
0.0,0.046976924
0.0,0.048597947
0.0,0.050211553
0.0,0.051937185
0.0,0.054018512
0.0,0.05657349
0.0,0.05956267
0.0,0.062862694
0.0,0.06649095
0.0,0.07081189
0.0,0.07573726
0.0,0.081168756
0.0,0.08706034
0.0,0.09342851
0.0,0.100604855
0.0,0.10851357
0.007025350951041538,0.11759633
0.03368086145110959,0.12916476
0.07105223040959145,0.14469735
0.10786567152564996,0.1649342
0.15392482526326795,0.19174306
0.15863274466080204,0.21996477
0.14140137616462575,0.24203132
0.2711001261868549,0.2759048
0.4604496062185005,0.3418811
0.5557222370013787,0.42840934
0.5567821207000804,0.51667863
0.5421423688513611,0.57936823
0.5883119134514846,0.61760145
0.6544294692133183,0.6515945
0.6551670808788235,0.67910135
0.6430083158857421,0.6996216
0.6414725209245612,0.7113982
0.8707232203576624,0.75035334
0.7188643408714837,0.76443285
0.7901555124989955,0.78675336
0.758128602497435,0.7904197
0.5743098958274544,0.76898754
0.6070547646259943,0.7394363
0.6504401656324157,0.7273738
0.7051356123427277,0.7216805
0.45434531409073897,0.69026685
0.4219610673920248,0.64011186
0.4820845426807453,0.5935488
0.7446035116682606,0.6012537
0.4327751904488407,0.5806516
0.26153166366142877,0.5326768
0.2501654668291013,0.4637993
0.29709245522463595,0.40465593
0.4542021882831454,0.37990558
0.739751809336435,0.4273916
0.5099627156129709,0.45881352
0.4747592009719378,0.45506498
0.4642553431523509,0.43348
0.39260504276583974,0.3899625
0.462602228037357,0.35582754
0.1327777471112519,0.2952669
0.1816448788132692,0.2403374
0.25674716359696553,0.20608675
0.29885757404608826,0.19078663
0.20538757587360465,0.1747576
0.16716264898836564,0.16299528
0.10590014071593826,0.14318213
0.09070980847267612,0.122784965
0.03930804761362396,0.10445406
0.017375569545895128,0.09082755
0.0012935682508370982,0.080348074
0.0,0.0732931
0.0,0.06932665
0.0,0.067007475
0.0,0.06450455
0.0,0.061473515
0.0,0.05819724
0.0,0.055574186
0.0,0.0533425
0.0,0.051431816
0.0,0.04980157
0.0,0.04842798
0.0,0.04724456
0.0,0.046156317
0.0,0.04514
0.0,0.044219412
0.0,0.043315455
0.0,0.042474177
0.0,0.041770168
0.0,0.041254368
0.0,0.040958542
0.0,0.040783506
0.0,0.040900666
0.0,0.04124248
0.0,0.04171697
0.0,0.04221244
0.0,0.042693093
0.0,0.043299068
0.0,0.044115055
0.0,0.04514328
0.0,0.046371553
0.0,0.047831997
0.0,0.049508553
0.0,0.0514232
0.0,0.053552832
0.0,0.055966634
0.0,0.058784116
0.0,0.062023267
0.0,0.06564133
0.0,0.06966072
0.0,0.07417137
0.0,0.079207875
0.0,0.08475366
0.0,0.09082369
0.0,0.09757213
0.0,0.105238214
0.0002820701584101527,0.113958225
0.013908292911266173,0.12397571
0.05079042963852426,0.13713725
0.07400046689500848,0.15395267
0.10602301625645502,0.17504486
0.17293308043082445,0.20399714
0.20819794324153254,0.23958686
0.26150651509420386,0.28095794
0.35996297844525166,0.33505186
0.33928745088248347,0.38233018
0.42780993130813133,0.4290734
0.429198000832412,0.47225967
0.42802067750018724,0.5040613
0.48104861284583167,0.5327757
0.5538927235034412,0.57543373
0.6502329438459397,0.6251343
0.825224204541727,0.69853604
0.7660918576622048,0.7464131
0.6222386454700283,0.75487256
0.6916376412902681,0.753549
0.856053302068195,0.7790583
0.6176898012054255,0.7684211
0.4363162402010019,0.7273121
0.5539957071892502,0.68912286
0.24746949258454112,0.6042458
0.45408779515308734,0.5467288
0.48429946843001914,0.54436105
0.5309428335532445,0.559526
0.3514910770996758,0.5376741
0.5374093008799118,0.5402877
0.595701112216551,0.54567754
0.4404511187144833,0.5274426
0.48359656297595977,0.50350887
0.3240090090449877,0.46256047
0.7242227778258336,0.47348133
0.5345841788900831,0.477974
0.30130809588380153,0.43909642
0.3440326451128846,0.388565
0.4762038398421105,0.35928956
0.37115288309733563,0.31823337
0.36546483992152395,0.2961239
0.2572649493048926,0.2690606
0.19466646070448004,0.23025212
0.16249003316403132,0.19219461
0.14112898312536307,0.1642245
0.127680711879051,0.14311224
0.10659814787319478,0.12824081
0.07642649725171806,0.115086585
0.05112793416930939,0.102939285
0.02533506135703824,0.091791004
0.005518348419026295,0.08203855
0.0,0.07428324
0.0,0.068509385
0.0,0.06429475
0.0,0.061318025
0.0,0.05891868
0.0,0.056708664
0.0,0.05453393
0.0,0.052544188
0.0,0.050845936
0.0,0.04933926
0.0,0.04806864
0.0,0.04684583
0.0,0.045750108
0.0,0.044820327
0.0,0.04404994
0.0,0.043447383
0.0,0.04290152
0.0,0.042443722
0.0,0.042024545
0.0,0.04167258
0.0,0.041432578
0.0,0.041383922
0.0,0.0415222
0.0,0.041738782
0.0,0.042084623
0.0,0.04260024
0.0,0.043279476
0.0,0.04410801
0.0,0.045104876
0.0,0.046303585
0.0,0.047744155
0.0,0.049413994
0.0,0.051276047
0.0,0.053378087
0.0,0.055764645
0.0,0.05850453
0.0,0.061634112
0.0,0.065098315
0.0,0.06906704
0.0,0.07373791
0.0,0.07911618
0.0,0.085123695
0.0,0.09166412
0.0,0.09887192
0.0,0.10712997
0.00020799836756106677,0.116160154
0.010212668076410409,0.12621973
0.02021733778525975,0.13837424
0.030222007494109096,0.15298264
0.1009703046214485,0.17326836
0.15224046858080942,0.20062408
0.24043452424487416,0.23874247
0.2797219034368554,0.28454545
0.2519885289177751,0.32302594
0.27858167573967607,0.35421774
0.29964763333029365,0.3802474
0.28777559784113377,0.39755297
0.37229103332880237,0.42462236
0.39691620019928053,0.45840108
0.507346368538805,0.5047386
0.42008699135085326,0.53542465
0.4597258531389554,0.56002533
0.4946556008260866,0.579694
0.5342554554576586,0.60133255
0.4862900283439715,0.61204064
0.4959540076403277,0.61666095
0.5877928135604105,0.6326867
0.5654734298593731,0.64310324
0.848953580683161,0.6991943
0.8490048933131905,0.7591455
0.9966234016298653,0.81341535
0.7057201821039072,0.8187819
0.7412144882813582,0.7988037
0.5178587685170687,0.73184866
0.6502494905330314,0.67287517
0.7201824603359205,0.6347776
0.6071162920035265,0.61749864
0.46213921961013105,0.57534844
0.4454753963461409,0.52886003
0.6137598148197643,0.5037325
0.576046281968026,0.48389098
0.3497393389821399,0.43602246
0.11433112336342793,0.35523564
0.0664435911065075,0.27346504
0.10373133062570446,0.21601495
0.23569697612717352,0.19553125
0.26846962184919704,0.1954746
0.13508287319748205,0.18892348
0.08331469591188201,0.1705235
0.09686421852703031,0.15115187
0.11483755937197877,0.13489519
0.09865597930336659,0.122632094
0.06962461611223393,0.113856286
0.044531004899842234,0.10439537
0.02492366424105336,0.093921214
0.0057489267357027545,0.08431774
0.0,0.076754615
0.0,0.07116425
0.0,0.066929646
0.0,0.06347574
0.0,0.060658045
0.0,0.058141388
0.0,0.05584726
0.0,0.053810146
0.0,0.051990036
0.0,0.050430108
0.0,0.048991904
0.0,0.047622625
0.0,0.04631698
0.0,0.04539119
0.0,0.044793937
0.0,0.04439887
0.0,0.044047948
0.0,0.043569483
0.0,0.043098215
0.0,0.042726334
0.0,0.0425263
